Analysis & Synthesis report for DMA
Wed Jan 07 21:38:23 2026
Quartus II 64-Bit Version 13.0.1 Build 232 06/12/2013 Service Pack 1 SJ Web Edition


---------------------
; Table of Contents ;
---------------------
  1. Legal Notice
  2. Analysis & Synthesis Summary
  3. Analysis & Synthesis Settings
  4. Parallel Compilation
  5. Analysis & Synthesis Source Files Read
  6. Analysis & Synthesis Resource Usage Summary
  7. Analysis & Synthesis Resource Utilization by Entity
  8. Analysis & Synthesis RAM Summary
  9. Analysis & Synthesis IP Cores Summary
 10. Registers Removed During Synthesis
 11. General Register Statistics
 12. Inverted Register Statistics
 13. Registers Added for RAM Pass-Through Logic
 14. Multiplexer Restructuring Statistics (Restructuring Performed)
 15. Source assignments for altsyncram:buffer_rtl_0|altsyncram_1rd1:auto_generated
 16. Parameter Settings for Inferred Entity Instance: sld_signaltap:auto_signaltap_0
 17. Parameter Settings for Inferred Entity Instance: altsyncram:buffer_rtl_0
 18. altsyncram Parameter Settings by Entity Instance
 19. SignalTap II Logic Analyzer Settings
 20. Elapsed Time Per Partition
 21. Connections to In-System Debugging Instance "auto_signaltap_0"
 22. Analysis & Synthesis Messages
 23. Analysis & Synthesis Suppressed Messages



----------------
; Legal Notice ;
----------------
Copyright (C) 1991-2013 Altera Corporation
Your use of Altera Corporation's design tools, logic functions 
and other software and tools, and its AMPP partner logic 
functions, and any output files from any of the foregoing 
(including device programming or simulation files), and any 
associated documentation or information are expressly subject 
to the terms and conditions of the Altera Program License 
Subscription Agreement, Altera MegaCore Function License 
Agreement, or other applicable license agreement, including, 
without limitation, that your use is for the sole purpose of 
programming logic devices manufactured by Altera and sold by 
Altera or its authorized distributors.  Please refer to the 
applicable agreement for further details.



+--------------------------------------------------------------------------------------+
; Analysis & Synthesis Summary                                                         ;
+------------------------------------+-------------------------------------------------+
; Analysis & Synthesis Status        ; Successful - Wed Jan 07 21:38:23 2026           ;
; Quartus II 64-Bit Version          ; 13.0.1 Build 232 06/12/2013 SP 1 SJ Web Edition ;
; Revision Name                      ; DMA                                             ;
; Top-level Entity Name              ; FIFO                                            ;
; Family                             ; Cyclone II                                      ;
; Total logic elements               ; 3,285                                           ;
;     Total combinational functions  ; 1,100                                           ;
;     Dedicated logic registers      ; 2,790                                           ;
; Total registers                    ; 2790                                            ;
; Total pins                         ; 70                                              ;
; Total virtual pins                 ; 0                                               ;
; Total memory bits                  ; 33,792                                          ;
; Embedded Multiplier 9-bit elements ; 0                                               ;
; Total PLLs                         ; 0                                               ;
+------------------------------------+-------------------------------------------------+


+----------------------------------------------------------------------------------------------------------------------+
; Analysis & Synthesis Settings                                                                                        ;
+----------------------------------------------------------------------------+--------------------+--------------------+
; Option                                                                     ; Setting            ; Default Value      ;
+----------------------------------------------------------------------------+--------------------+--------------------+
; Device                                                                     ; EP2C35F672C6       ;                    ;
; Top-level entity name                                                      ; FIFO               ; DMA                ;
; Family name                                                                ; Cyclone II         ; Cyclone IV GX      ;
; Use smart compilation                                                      ; Off                ; Off                ;
; Enable parallel Assembler and TimeQuest Timing Analyzer during compilation ; On                 ; On                 ;
; Enable compact report table                                                ; Off                ; Off                ;
; Restructure Multiplexers                                                   ; Auto               ; Auto               ;
; Create Debugging Nodes for IP Cores                                        ; Off                ; Off                ;
; Preserve fewer node names                                                  ; On                 ; On                 ;
; Disable OpenCore Plus hardware evaluation                                  ; Off                ; Off                ;
; Verilog Version                                                            ; Verilog_2001       ; Verilog_2001       ;
; VHDL Version                                                               ; VHDL_1993          ; VHDL_1993          ;
; State Machine Processing                                                   ; Auto               ; Auto               ;
; Safe State Machine                                                         ; Off                ; Off                ;
; Extract Verilog State Machines                                             ; On                 ; On                 ;
; Extract VHDL State Machines                                                ; On                 ; On                 ;
; Ignore Verilog initial constructs                                          ; Off                ; Off                ;
; Iteration limit for constant Verilog loops                                 ; 5000               ; 5000               ;
; Iteration limit for non-constant Verilog loops                             ; 250                ; 250                ;
; Add Pass-Through Logic to Inferred RAMs                                    ; On                 ; On                 ;
; Infer RAMs from Raw Logic                                                  ; On                 ; On                 ;
; Parallel Synthesis                                                         ; On                 ; On                 ;
; DSP Block Balancing                                                        ; Auto               ; Auto               ;
; NOT Gate Push-Back                                                         ; On                 ; On                 ;
; Power-Up Don't Care                                                        ; On                 ; On                 ;
; Remove Redundant Logic Cells                                               ; Off                ; Off                ;
; Remove Duplicate Registers                                                 ; On                 ; On                 ;
; Ignore CARRY Buffers                                                       ; Off                ; Off                ;
; Ignore CASCADE Buffers                                                     ; Off                ; Off                ;
; Ignore GLOBAL Buffers                                                      ; Off                ; Off                ;
; Ignore ROW GLOBAL Buffers                                                  ; Off                ; Off                ;
; Ignore LCELL Buffers                                                       ; Off                ; Off                ;
; Ignore SOFT Buffers                                                        ; On                 ; On                 ;
; Limit AHDL Integers to 32 Bits                                             ; Off                ; Off                ;
; Optimization Technique                                                     ; Balanced           ; Balanced           ;
; Carry Chain Length                                                         ; 70                 ; 70                 ;
; Auto Carry Chains                                                          ; On                 ; On                 ;
; Auto Open-Drain Pins                                                       ; On                 ; On                 ;
; Perform WYSIWYG Primitive Resynthesis                                      ; Off                ; Off                ;
; Auto ROM Replacement                                                       ; On                 ; On                 ;
; Auto RAM Replacement                                                       ; On                 ; On                 ;
; Auto Shift Register Replacement                                            ; Auto               ; Auto               ;
; Allow Shift Register Merging across Hierarchies                            ; Auto               ; Auto               ;
; Auto Clock Enable Replacement                                              ; On                 ; On                 ;
; Strict RAM Replacement                                                     ; Off                ; Off                ;
; Allow Synchronous Control Signals                                          ; On                 ; On                 ;
; Force Use of Synchronous Clear Signals                                     ; Off                ; Off                ;
; Auto RAM to Logic Cell Conversion                                          ; Off                ; Off                ;
; Auto Resource Sharing                                                      ; Off                ; Off                ;
; Allow Any RAM Size For Recognition                                         ; Off                ; Off                ;
; Allow Any ROM Size For Recognition                                         ; Off                ; Off                ;
; Allow Any Shift Register Size For Recognition                              ; Off                ; Off                ;
; Use LogicLock Constraints during Resource Balancing                        ; On                 ; On                 ;
; Ignore translate_off and synthesis_off directives                          ; Off                ; Off                ;
; Timing-Driven Synthesis                                                    ; Off                ; Off                ;
; Report Parameter Settings                                                  ; On                 ; On                 ;
; Report Source Assignments                                                  ; On                 ; On                 ;
; Report Connectivity Checks                                                 ; On                 ; On                 ;
; Ignore Maximum Fan-Out Assignments                                         ; Off                ; Off                ;
; Synchronization Register Chain Length                                      ; 2                  ; 2                  ;
; PowerPlay Power Optimization                                               ; Normal compilation ; Normal compilation ;
; HDL message level                                                          ; Level2             ; Level2             ;
; Suppress Register Optimization Related Messages                            ; Off                ; Off                ;
; Number of Removed Registers Reported in Synthesis Report                   ; 5000               ; 5000               ;
; Number of Swept Nodes Reported in Synthesis Report                         ; 5000               ; 5000               ;
; Number of Inverted Registers Reported in Synthesis Report                  ; 100                ; 100                ;
; Clock MUX Protection                                                       ; On                 ; On                 ;
; Auto Gated Clock Conversion                                                ; Off                ; Off                ;
; Block Design Naming                                                        ; Auto               ; Auto               ;
; SDC constraint protection                                                  ; Off                ; Off                ;
; Synthesis Effort                                                           ; Auto               ; Auto               ;
; Shift Register Replacement - Allow Asynchronous Clear Signal               ; On                 ; On                 ;
; Pre-Mapping Resynthesis Optimization                                       ; Off                ; Off                ;
; Analysis & Synthesis Message Level                                         ; Medium             ; Medium             ;
; Disable Register Merging Across Hierarchies                                ; Auto               ; Auto               ;
; Resource Aware Inference For Block RAM                                     ; On                 ; On                 ;
; Synthesis Seed                                                             ; 1                  ; 1                  ;
+----------------------------------------------------------------------------+--------------------+--------------------+


+------------------------------------------+
; Parallel Compilation                     ;
+----------------------------+-------------+
; Processors                 ; Number      ;
+----------------------------+-------------+
; Number detected on machine ; 12          ;
; Maximum allowed            ; 6           ;
;                            ;             ;
; Average used               ; 1.00        ;
; Maximum used               ; 1           ;
;                            ;             ;
; Usage by Processor         ; % Time Used ;
;     Processor 1            ; 100.0%      ;
;     Processors 2-12        ;   0.0%      ;
+----------------------------+-------------+


+--------------------------------------------------------------------------------------------------------------------------------------------------------------------------------------------------------------------------+
; Analysis & Synthesis Source Files Read                                                                                                                                                                                   ;
+---------------------------------------------------------------------+-----------------+------------------------------+-----------------------------------------------------------------------------------------+---------+
; File Name with User-Entered Path                                    ; Used in Netlist ; File Type                    ; File Name with Absolute Path                                                            ; Library ;
+---------------------------------------------------------------------+-----------------+------------------------------+-----------------------------------------------------------------------------------------+---------+
; System/synthesis/submodules/System_onchip_memory2_0.v               ; yes             ; User Verilog HDL File        ; D:/CE213/TH/DMA/DMAFinal/DMAFinal/System/synthesis/submodules/System_onchip_memory2_0.v ; System  ;
; FIFO.v                                                              ; yes             ; User Verilog HDL File        ; D:/CE213/TH/DMA/DMAFinal/DMAFinal/FIFO.v                                                ;         ;
; sld_signaltap.vhd                                                   ; yes             ; Megafunction                 ; d:/altera/quartus/libraries/megafunctions/sld_signaltap.vhd                             ;         ;
; sld_signaltap_impl.vhd                                              ; yes             ; Encrypted Megafunction       ; d:/altera/quartus/libraries/megafunctions/sld_signaltap_impl.vhd                        ;         ;
; sld_ela_control.vhd                                                 ; yes             ; Encrypted Megafunction       ; d:/altera/quartus/libraries/megafunctions/sld_ela_control.vhd                           ;         ;
; lpm_shiftreg.tdf                                                    ; yes             ; Megafunction                 ; d:/altera/quartus/libraries/megafunctions/lpm_shiftreg.tdf                              ;         ;
; lpm_constant.inc                                                    ; yes             ; Megafunction                 ; d:/altera/quartus/libraries/megafunctions/lpm_constant.inc                              ;         ;
; dffeea.inc                                                          ; yes             ; Megafunction                 ; d:/altera/quartus/libraries/megafunctions/dffeea.inc                                    ;         ;
; aglobal130.inc                                                      ; yes             ; Megafunction                 ; d:/altera/quartus/libraries/megafunctions/aglobal130.inc                                ;         ;
; sld_mbpmg.vhd                                                       ; yes             ; Encrypted Megafunction       ; d:/altera/quartus/libraries/megafunctions/sld_mbpmg.vhd                                 ;         ;
; sld_ela_trigger_flow_mgr.vhd                                        ; yes             ; Encrypted Megafunction       ; d:/altera/quartus/libraries/megafunctions/sld_ela_trigger_flow_mgr.vhd                  ;         ;
; sld_buffer_manager.vhd                                              ; yes             ; Encrypted Megafunction       ; d:/altera/quartus/libraries/megafunctions/sld_buffer_manager.vhd                        ;         ;
; altsyncram.tdf                                                      ; yes             ; Megafunction                 ; d:/altera/quartus/libraries/megafunctions/altsyncram.tdf                                ;         ;
; stratix_ram_block.inc                                               ; yes             ; Megafunction                 ; d:/altera/quartus/libraries/megafunctions/stratix_ram_block.inc                         ;         ;
; lpm_mux.inc                                                         ; yes             ; Megafunction                 ; d:/altera/quartus/libraries/megafunctions/lpm_mux.inc                                   ;         ;
; lpm_decode.inc                                                      ; yes             ; Megafunction                 ; d:/altera/quartus/libraries/megafunctions/lpm_decode.inc                                ;         ;
; a_rdenreg.inc                                                       ; yes             ; Megafunction                 ; d:/altera/quartus/libraries/megafunctions/a_rdenreg.inc                                 ;         ;
; altrom.inc                                                          ; yes             ; Megafunction                 ; d:/altera/quartus/libraries/megafunctions/altrom.inc                                    ;         ;
; altram.inc                                                          ; yes             ; Megafunction                 ; d:/altera/quartus/libraries/megafunctions/altram.inc                                    ;         ;
; altdpram.inc                                                        ; yes             ; Megafunction                 ; d:/altera/quartus/libraries/megafunctions/altdpram.inc                                  ;         ;
; db/altsyncram_is14.tdf                                              ; yes             ; Auto-Generated Megafunction  ; D:/CE213/TH/DMA/DMAFinal/DMAFinal/db/altsyncram_is14.tdf                                ;         ;
; altdpram.tdf                                                        ; yes             ; Megafunction                 ; d:/altera/quartus/libraries/megafunctions/altdpram.tdf                                  ;         ;
; memmodes.inc                                                        ; yes             ; Megafunction                 ; d:/altera/quartus/libraries/others/maxplus2/memmodes.inc                                ;         ;
; a_hdffe.inc                                                         ; yes             ; Megafunction                 ; d:/altera/quartus/libraries/megafunctions/a_hdffe.inc                                   ;         ;
; alt_le_rden_reg.inc                                                 ; yes             ; Megafunction                 ; d:/altera/quartus/libraries/megafunctions/alt_le_rden_reg.inc                           ;         ;
; altsyncram.inc                                                      ; yes             ; Megafunction                 ; d:/altera/quartus/libraries/megafunctions/altsyncram.inc                                ;         ;
; lpm_mux.tdf                                                         ; yes             ; Megafunction                 ; d:/altera/quartus/libraries/megafunctions/lpm_mux.tdf                                   ;         ;
; muxlut.inc                                                          ; yes             ; Megafunction                 ; d:/altera/quartus/libraries/megafunctions/muxlut.inc                                    ;         ;
; bypassff.inc                                                        ; yes             ; Megafunction                 ; d:/altera/quartus/libraries/megafunctions/bypassff.inc                                  ;         ;
; altshift.inc                                                        ; yes             ; Megafunction                 ; d:/altera/quartus/libraries/megafunctions/altshift.inc                                  ;         ;
; db/mux_aoc.tdf                                                      ; yes             ; Auto-Generated Megafunction  ; D:/CE213/TH/DMA/DMAFinal/DMAFinal/db/mux_aoc.tdf                                        ;         ;
; lpm_decode.tdf                                                      ; yes             ; Megafunction                 ; d:/altera/quartus/libraries/megafunctions/lpm_decode.tdf                                ;         ;
; declut.inc                                                          ; yes             ; Megafunction                 ; d:/altera/quartus/libraries/megafunctions/declut.inc                                    ;         ;
; lpm_compare.inc                                                     ; yes             ; Megafunction                 ; d:/altera/quartus/libraries/megafunctions/lpm_compare.inc                               ;         ;
; db/decode_rqf.tdf                                                   ; yes             ; Auto-Generated Megafunction  ; D:/CE213/TH/DMA/DMAFinal/DMAFinal/db/decode_rqf.tdf                                     ;         ;
; lpm_counter.tdf                                                     ; yes             ; Megafunction                 ; d:/altera/quartus/libraries/megafunctions/lpm_counter.tdf                               ;         ;
; lpm_add_sub.inc                                                     ; yes             ; Megafunction                 ; d:/altera/quartus/libraries/megafunctions/lpm_add_sub.inc                               ;         ;
; cmpconst.inc                                                        ; yes             ; Megafunction                 ; d:/altera/quartus/libraries/megafunctions/cmpconst.inc                                  ;         ;
; lpm_counter.inc                                                     ; yes             ; Megafunction                 ; d:/altera/quartus/libraries/megafunctions/lpm_counter.inc                               ;         ;
; alt_counter_stratix.inc                                             ; yes             ; Megafunction                 ; d:/altera/quartus/libraries/megafunctions/alt_counter_stratix.inc                       ;         ;
; db/cntr_cdi.tdf                                                     ; yes             ; Auto-Generated Megafunction  ; D:/CE213/TH/DMA/DMAFinal/DMAFinal/db/cntr_cdi.tdf                                       ;         ;
; db/cmpr_ccc.tdf                                                     ; yes             ; Auto-Generated Megafunction  ; D:/CE213/TH/DMA/DMAFinal/DMAFinal/db/cmpr_ccc.tdf                                       ;         ;
; db/cntr_02j.tdf                                                     ; yes             ; Auto-Generated Megafunction  ; D:/CE213/TH/DMA/DMAFinal/DMAFinal/db/cntr_02j.tdf                                       ;         ;
; db/cntr_sbi.tdf                                                     ; yes             ; Auto-Generated Megafunction  ; D:/CE213/TH/DMA/DMAFinal/DMAFinal/db/cntr_sbi.tdf                                       ;         ;
; db/cmpr_8cc.tdf                                                     ; yes             ; Auto-Generated Megafunction  ; D:/CE213/TH/DMA/DMAFinal/DMAFinal/db/cmpr_8cc.tdf                                       ;         ;
; db/cntr_gui.tdf                                                     ; yes             ; Auto-Generated Megafunction  ; D:/CE213/TH/DMA/DMAFinal/DMAFinal/db/cntr_gui.tdf                                       ;         ;
; db/cmpr_5cc.tdf                                                     ; yes             ; Auto-Generated Megafunction  ; D:/CE213/TH/DMA/DMAFinal/DMAFinal/db/cmpr_5cc.tdf                                       ;         ;
; sld_rom_sr.vhd                                                      ; yes             ; Encrypted Megafunction       ; d:/altera/quartus/libraries/megafunctions/sld_rom_sr.vhd                                ;         ;
; sld_hub.vhd                                                         ; yes             ; Encrypted Megafunction       ; d:/altera/quartus/libraries/megafunctions/sld_hub.vhd                                   ;         ;
; sld_jtag_hub.vhd                                                    ; yes             ; Encrypted Megafunction       ; d:/altera/quartus/libraries/megafunctions/sld_jtag_hub.vhd                              ;         ;
; db/altsyncram_1rd1.tdf                                              ; yes             ; Auto-Generated Megafunction  ; D:/CE213/TH/DMA/DMAFinal/DMAFinal/db/altsyncram_1rd1.tdf                                ;         ;
; D:/CE213/TH/DMA/DMAFinal/DMAFinal/db/altsyncram_buc1.tdf            ; yes             ; Auto-Generated Megafunction  ; D:/CE213/TH/DMA/DMAFinal/DMAFinal/db/altsyncram_buc1.tdf                                ;         ;
; D:/CE213/TH/DMA/DMAFinal/DMAFinal/db/decode_3oa.tdf                 ; yes             ; Auto-Generated Megafunction  ; D:/CE213/TH/DMA/DMAFinal/DMAFinal/db/decode_3oa.tdf                                     ;         ;
; D:/CE213/TH/DMA/DMAFinal/DMAFinal/db/mux_0kb.tdf                    ; yes             ; Auto-Generated Megafunction  ; D:/CE213/TH/DMA/DMAFinal/DMAFinal/db/mux_0kb.tdf                                        ;         ;
; D:/CE213/TH/DMA/DMAFinal/DMAFinal/db/altsyncram_lpg1.tdf            ; yes             ; Auto-Generated Megafunction  ; D:/CE213/TH/DMA/DMAFinal/DMAFinal/db/altsyncram_lpg1.tdf                                ;         ;
; D:/CE213/TH/DMA/DMAFinal/DMAFinal/db/altsyncram_mpg1.tdf            ; yes             ; Auto-Generated Megafunction  ; D:/CE213/TH/DMA/DMAFinal/DMAFinal/db/altsyncram_mpg1.tdf                                ;         ;
; d:/altera/quartus/libraries/megafunctions/altera_std_synchronizer.v ; yes             ; Megafunction                 ; d:/altera/quartus/libraries/megafunctions/altera_std_synchronizer.v                     ;         ;
; D:/CE213/TH/DMA/DMAFinal/DMAFinal/db/altsyncram_p681.tdf            ; yes             ; Auto-Generated Megafunction  ; D:/CE213/TH/DMA/DMAFinal/DMAFinal/db/altsyncram_p681.tdf                                ;         ;
; d:/altera/quartus/libraries/megafunctions/sld_virtual_jtag_basic.v  ; yes             ; Megafunction                 ; d:/altera/quartus/libraries/megafunctions/sld_virtual_jtag_basic.v                      ;         ;
; d:/altera/quartus/libraries/megafunctions/scfifo.tdf                ; yes             ; Megafunction                 ; d:/altera/quartus/libraries/megafunctions/scfifo.tdf                                    ;         ;
; d:/altera/quartus/libraries/megafunctions/a_regfifo.inc             ; yes             ; Megafunction                 ; d:/altera/quartus/libraries/megafunctions/a_regfifo.inc                                 ;         ;
; d:/altera/quartus/libraries/megafunctions/a_dpfifo.inc              ; yes             ; Megafunction                 ; d:/altera/quartus/libraries/megafunctions/a_dpfifo.inc                                  ;         ;
; d:/altera/quartus/libraries/megafunctions/a_i2fifo.inc              ; yes             ; Megafunction                 ; d:/altera/quartus/libraries/megafunctions/a_i2fifo.inc                                  ;         ;
; d:/altera/quartus/libraries/megafunctions/a_fffifo.inc              ; yes             ; Megafunction                 ; d:/altera/quartus/libraries/megafunctions/a_fffifo.inc                                  ;         ;
; d:/altera/quartus/libraries/megafunctions/a_f2fifo.inc              ; yes             ; Megafunction                 ; d:/altera/quartus/libraries/megafunctions/a_f2fifo.inc                                  ;         ;
; D:/CE213/TH/DMA/DMAFinal/DMAFinal/db/scfifo_1n21.tdf                ; yes             ; Auto-Generated Megafunction  ; D:/CE213/TH/DMA/DMAFinal/DMAFinal/db/scfifo_1n21.tdf                                    ;         ;
; D:/CE213/TH/DMA/DMAFinal/DMAFinal/db/a_dpfifo_8t21.tdf              ; yes             ; Auto-Generated Megafunction  ; D:/CE213/TH/DMA/DMAFinal/DMAFinal/db/a_dpfifo_8t21.tdf                                  ;         ;
; D:/CE213/TH/DMA/DMAFinal/DMAFinal/db/a_fefifo_7cf.tdf               ; yes             ; Auto-Generated Megafunction  ; D:/CE213/TH/DMA/DMAFinal/DMAFinal/db/a_fefifo_7cf.tdf                                   ;         ;
; D:/CE213/TH/DMA/DMAFinal/DMAFinal/db/cntr_rj7.tdf                   ; yes             ; Auto-Generated Megafunction  ; D:/CE213/TH/DMA/DMAFinal/DMAFinal/db/cntr_rj7.tdf                                       ;         ;
; D:/CE213/TH/DMA/DMAFinal/DMAFinal/db/dpram_5h21.tdf                 ; yes             ; Auto-Generated Megafunction  ; D:/CE213/TH/DMA/DMAFinal/DMAFinal/db/dpram_5h21.tdf                                     ;         ;
; D:/CE213/TH/DMA/DMAFinal/DMAFinal/db/altsyncram_9tl1.tdf            ; yes             ; Auto-Generated Megafunction  ; D:/CE213/TH/DMA/DMAFinal/DMAFinal/db/altsyncram_9tl1.tdf                                ;         ;
; D:/CE213/TH/DMA/DMAFinal/DMAFinal/db/cntr_fjb.tdf                   ; yes             ; Auto-Generated Megafunction  ; D:/CE213/TH/DMA/DMAFinal/DMAFinal/db/cntr_fjb.tdf                                       ;         ;
; d:/altera/quartus/libraries/megafunctions/alt_jtag_atlantic.v       ; yes             ; Encrypted Megafunction       ; d:/altera/quartus/libraries/megafunctions/alt_jtag_atlantic.v                           ;         ;
; D:/CE213/TH/DMA/DMAFinal/DMAFinal/db/altsyncram_krc1.tdf            ; yes             ; Auto-Generated Megafunction  ; D:/CE213/TH/DMA/DMAFinal/DMAFinal/db/altsyncram_krc1.tdf                                ;         ;
; D:/CE213/TH/DMA/DMAFinal/DMAFinal/db/altsyncram_qbc1.tdf            ; yes             ; Auto-Generated Megafunction  ; D:/CE213/TH/DMA/DMAFinal/DMAFinal/db/altsyncram_qbc1.tdf                                ;         ;
+---------------------------------------------------------------------+-----------------+------------------------------+-----------------------------------------------------------------------------------------+---------+


+-----------------------------------------------------------------+
; Analysis & Synthesis Resource Usage Summary                     ;
+---------------------------------------------+-------------------+
; Resource                                    ; Usage             ;
+---------------------------------------------+-------------------+
; Estimated Total logic elements              ; 3,285             ;
;                                             ;                   ;
; Total combinational functions               ; 1100              ;
; Logic element usage by number of LUT inputs ;                   ;
;     -- 4 input functions                    ; 654               ;
;     -- 3 input functions                    ; 330               ;
;     -- <=2 input functions                  ; 116               ;
;                                             ;                   ;
; Logic elements by mode                      ;                   ;
;     -- normal mode                          ; 1036              ;
;     -- arithmetic mode                      ; 64                ;
;                                             ;                   ;
; Total registers                             ; 2790              ;
;     -- Dedicated logic registers            ; 2790              ;
;     -- I/O registers                        ; 0                 ;
;                                             ;                   ;
; I/O pins                                    ; 70                ;
; Total memory bits                           ; 33792             ;
; Embedded Multiplier 9-bit elements          ; 0                 ;
; Maximum fan-out node                        ; QIC_SIGNALTAP_GND ;
; Maximum fan-out                             ; 1901              ;
; Total fan-out                               ; 15318             ;
; Average fan-out                             ; 3.65              ;
+---------------------------------------------+-------------------+


+----------------------------------------------------------------------------------------------------------------------------------------------------------------------------------------------------------------------------------------------------------------------------------------------------------------------------------------------------------------------------------------------------------------------------------------------------------------------------------------------------------------------------------------------------------------------------------+
; Analysis & Synthesis Resource Utilization by Entity                                                                                                                                                                                                                                                                                                                                                                                                                                                                                                                              ;
+---------------------------------------------------------------------------------------------------------+-------------------+--------------+-------------+--------------+---------+-----------+------+--------------+---------------------------------------------------------------------------------------------------------------------------------------------------------------------------------------------------------------------------------------------------------------------------------------------------------------------------------------------+--------------+
; Compilation Hierarchy Node                                                                              ; LC Combinationals ; LC Registers ; Memory Bits ; DSP Elements ; DSP 9x9 ; DSP 18x18 ; Pins ; Virtual Pins ; Full Hierarchy Name                                                                                                                                                                                                                                                                                                                         ; Library Name ;
+---------------------------------------------------------------------------------------------------------+-------------------+--------------+-------------+--------------+---------+-----------+------+--------------+---------------------------------------------------------------------------------------------------------------------------------------------------------------------------------------------------------------------------------------------------------------------------------------------------------------------------------------------+--------------+
; |FIFO                                                                                                   ; 1100 (109)        ; 2790 (90)    ; 33792       ; 0            ; 0       ; 0         ; 70   ; 0            ; |FIFO                                                                                                                                                                                                                                                                                                                                       ; work         ;
;    |altsyncram:buffer_rtl_0|                                                                            ; 0 (0)             ; 0 (0)        ; 8192        ; 0            ; 0       ; 0         ; 0    ; 0            ; |FIFO|altsyncram:buffer_rtl_0                                                                                                                                                                                                                                                                                                               ; work         ;
;       |altsyncram_1rd1:auto_generated|                                                                  ; 0 (0)             ; 0 (0)        ; 8192        ; 0            ; 0       ; 0         ; 0    ; 0            ; |FIFO|altsyncram:buffer_rtl_0|altsyncram_1rd1:auto_generated                                                                                                                                                                                                                                                                                ; work         ;
;    |sld_hub:auto_hub|                                                                                   ; 120 (1)           ; 86 (0)       ; 0           ; 0            ; 0       ; 0         ; 0    ; 0            ; |FIFO|sld_hub:auto_hub                                                                                                                                                                                                                                                                                                                      ; work         ;
;       |sld_jtag_hub:\jtag_hub_gen:sld_jtag_hub_inst|                                                    ; 119 (81)          ; 86 (58)      ; 0           ; 0            ; 0       ; 0         ; 0    ; 0            ; |FIFO|sld_hub:auto_hub|sld_jtag_hub:\jtag_hub_gen:sld_jtag_hub_inst                                                                                                                                                                                                                                                                         ; work         ;
;          |sld_rom_sr:hub_info_reg|                                                                      ; 21 (21)           ; 9 (9)        ; 0           ; 0            ; 0       ; 0         ; 0    ; 0            ; |FIFO|sld_hub:auto_hub|sld_jtag_hub:\jtag_hub_gen:sld_jtag_hub_inst|sld_rom_sr:hub_info_reg                                                                                                                                                                                                                                                 ; work         ;
;          |sld_shadow_jsm:shadow_jsm|                                                                    ; 17 (17)           ; 19 (19)      ; 0           ; 0            ; 0       ; 0         ; 0    ; 0            ; |FIFO|sld_hub:auto_hub|sld_jtag_hub:\jtag_hub_gen:sld_jtag_hub_inst|sld_shadow_jsm:shadow_jsm                                                                                                                                                                                                                                               ; work         ;
;    |sld_signaltap:auto_signaltap_0|                                                                     ; 871 (1)           ; 2614 (400)   ; 25600       ; 0            ; 0       ; 0         ; 0    ; 0            ; |FIFO|sld_signaltap:auto_signaltap_0                                                                                                                                                                                                                                                                                                        ; work         ;
;       |sld_signaltap_impl:sld_signaltap_body|                                                           ; 870 (0)           ; 2214 (0)     ; 25600       ; 0            ; 0       ; 0         ; 0    ; 0            ; |FIFO|sld_signaltap:auto_signaltap_0|sld_signaltap_impl:sld_signaltap_body                                                                                                                                                                                                                                                                  ; work         ;
;          |sld_signaltap_implb:sld_signaltap_body|                                                       ; 870 (21)          ; 2214 (826)   ; 25600       ; 0            ; 0       ; 0         ; 0    ; 0            ; |FIFO|sld_signaltap:auto_signaltap_0|sld_signaltap_impl:sld_signaltap_body|sld_signaltap_implb:sld_signaltap_body                                                                                                                                                                                                                           ; work         ;
;             |altdpram:\stp_non_zero_ram_gen:attribute_mem_gen:attribute_mem|                            ; 17 (0)            ; 46 (46)      ; 0           ; 0            ; 0       ; 0         ; 0    ; 0            ; |FIFO|sld_signaltap:auto_signaltap_0|sld_signaltap_impl:sld_signaltap_body|sld_signaltap_implb:sld_signaltap_body|altdpram:\stp_non_zero_ram_gen:attribute_mem_gen:attribute_mem                                                                                                                                                            ; work         ;
;                |lpm_decode:wdecoder|                                                                    ; 2 (0)             ; 0 (0)        ; 0           ; 0            ; 0       ; 0         ; 0    ; 0            ; |FIFO|sld_signaltap:auto_signaltap_0|sld_signaltap_impl:sld_signaltap_body|sld_signaltap_implb:sld_signaltap_body|altdpram:\stp_non_zero_ram_gen:attribute_mem_gen:attribute_mem|lpm_decode:wdecoder                                                                                                                                        ; work         ;
;                   |decode_rqf:auto_generated|                                                           ; 2 (2)             ; 0 (0)        ; 0           ; 0            ; 0       ; 0         ; 0    ; 0            ; |FIFO|sld_signaltap:auto_signaltap_0|sld_signaltap_impl:sld_signaltap_body|sld_signaltap_implb:sld_signaltap_body|altdpram:\stp_non_zero_ram_gen:attribute_mem_gen:attribute_mem|lpm_decode:wdecoder|decode_rqf:auto_generated                                                                                                              ; work         ;
;                |lpm_mux:mux|                                                                            ; 15 (0)            ; 0 (0)        ; 0           ; 0            ; 0       ; 0         ; 0    ; 0            ; |FIFO|sld_signaltap:auto_signaltap_0|sld_signaltap_impl:sld_signaltap_body|sld_signaltap_implb:sld_signaltap_body|altdpram:\stp_non_zero_ram_gen:attribute_mem_gen:attribute_mem|lpm_mux:mux                                                                                                                                                ; work         ;
;                   |mux_aoc:auto_generated|                                                              ; 15 (15)           ; 0 (0)        ; 0           ; 0            ; 0       ; 0         ; 0    ; 0            ; |FIFO|sld_signaltap:auto_signaltap_0|sld_signaltap_impl:sld_signaltap_body|sld_signaltap_implb:sld_signaltap_body|altdpram:\stp_non_zero_ram_gen:attribute_mem_gen:attribute_mem|lpm_mux:mux|mux_aoc:auto_generated                                                                                                                         ; work         ;
;             |altsyncram:\stp_non_zero_ram_gen:stp_buffer_ram|                                           ; 0 (0)             ; 0 (0)        ; 25600       ; 0            ; 0       ; 0         ; 0    ; 0            ; |FIFO|sld_signaltap:auto_signaltap_0|sld_signaltap_impl:sld_signaltap_body|sld_signaltap_implb:sld_signaltap_body|altsyncram:\stp_non_zero_ram_gen:stp_buffer_ram                                                                                                                                                                           ; work         ;
;                |altsyncram_is14:auto_generated|                                                         ; 0 (0)             ; 0 (0)        ; 25600       ; 0            ; 0       ; 0         ; 0    ; 0            ; |FIFO|sld_signaltap:auto_signaltap_0|sld_signaltap_impl:sld_signaltap_body|sld_signaltap_implb:sld_signaltap_body|altsyncram:\stp_non_zero_ram_gen:stp_buffer_ram|altsyncram_is14:auto_generated                                                                                                                                            ; work         ;
;             |lpm_shiftreg:segment_offset_config_deserialize|                                            ; 0 (0)             ; 7 (7)        ; 0           ; 0            ; 0       ; 0         ; 0    ; 0            ; |FIFO|sld_signaltap:auto_signaltap_0|sld_signaltap_impl:sld_signaltap_body|sld_signaltap_implb:sld_signaltap_body|lpm_shiftreg:segment_offset_config_deserialize                                                                                                                                                                            ; work         ;
;             |lpm_shiftreg:status_register|                                                              ; 17 (17)           ; 17 (17)      ; 0           ; 0            ; 0       ; 0         ; 0    ; 0            ; |FIFO|sld_signaltap:auto_signaltap_0|sld_signaltap_impl:sld_signaltap_body|sld_signaltap_implb:sld_signaltap_body|lpm_shiftreg:status_register                                                                                                                                                                                              ; work         ;
;             |sld_buffer_manager:sld_buffer_manager_inst|                                                ; 59 (59)           ; 44 (44)      ; 0           ; 0            ; 0       ; 0         ; 0    ; 0            ; |FIFO|sld_signaltap:auto_signaltap_0|sld_signaltap_impl:sld_signaltap_body|sld_signaltap_implb:sld_signaltap_body|sld_buffer_manager:sld_buffer_manager_inst                                                                                                                                                                                ; work         ;
;             |sld_ela_control:ela_control|                                                               ; 470 (1)           ; 1016 (1)     ; 0           ; 0            ; 0       ; 0         ; 0    ; 0            ; |FIFO|sld_signaltap:auto_signaltap_0|sld_signaltap_impl:sld_signaltap_body|sld_signaltap_implb:sld_signaltap_body|sld_ela_control:ela_control                                                                                                                                                                                               ; work         ;
;                |lpm_shiftreg:trigger_config_deserialize|                                                ; 0 (0)             ; 4 (4)        ; 0           ; 0            ; 0       ; 0         ; 0    ; 0            ; |FIFO|sld_signaltap:auto_signaltap_0|sld_signaltap_impl:sld_signaltap_body|sld_signaltap_implb:sld_signaltap_body|sld_ela_control:ela_control|lpm_shiftreg:trigger_config_deserialize                                                                                                                                                       ; work         ;
;                |sld_ela_basic_multi_level_trigger:\basic_multi_level_mbpm_trigger_gen:multi_level_mbpm| ; 400 (0)           ; 1000 (0)     ; 0           ; 0            ; 0       ; 0         ; 0    ; 0            ; |FIFO|sld_signaltap:auto_signaltap_0|sld_signaltap_impl:sld_signaltap_body|sld_signaltap_implb:sld_signaltap_body|sld_ela_control:ela_control|sld_ela_basic_multi_level_trigger:\basic_multi_level_mbpm_trigger_gen:multi_level_mbpm                                                                                                        ; work         ;
;                   |lpm_shiftreg:trigger_condition_deserialize|                                          ; 0 (0)             ; 600 (600)    ; 0           ; 0            ; 0       ; 0         ; 0    ; 0            ; |FIFO|sld_signaltap:auto_signaltap_0|sld_signaltap_impl:sld_signaltap_body|sld_signaltap_implb:sld_signaltap_body|sld_ela_control:ela_control|sld_ela_basic_multi_level_trigger:\basic_multi_level_mbpm_trigger_gen:multi_level_mbpm|lpm_shiftreg:trigger_condition_deserialize                                                             ; work         ;
;                   |sld_mbpmg:\trigger_modules_gen:0:trigger_match|                                      ; 400 (0)           ; 400 (0)      ; 0           ; 0            ; 0       ; 0         ; 0    ; 0            ; |FIFO|sld_signaltap:auto_signaltap_0|sld_signaltap_impl:sld_signaltap_body|sld_signaltap_implb:sld_signaltap_body|sld_ela_control:ela_control|sld_ela_basic_multi_level_trigger:\basic_multi_level_mbpm_trigger_gen:multi_level_mbpm|sld_mbpmg:\trigger_modules_gen:0:trigger_match                                                         ; work         ;
;                      |sld_sbpmg:\gen_sbpmg_pipeline_less_than_two:sm0:0:sm1|                            ; 2 (2)             ; 2 (2)        ; 0           ; 0            ; 0       ; 0         ; 0    ; 0            ; |FIFO|sld_signaltap:auto_signaltap_0|sld_signaltap_impl:sld_signaltap_body|sld_signaltap_implb:sld_signaltap_body|sld_ela_control:ela_control|sld_ela_basic_multi_level_trigger:\basic_multi_level_mbpm_trigger_gen:multi_level_mbpm|sld_mbpmg:\trigger_modules_gen:0:trigger_match|sld_sbpmg:\gen_sbpmg_pipeline_less_than_two:sm0:0:sm1   ; work         ;
;                      |sld_sbpmg:\gen_sbpmg_pipeline_less_than_two:sm0:100:sm1|                          ; 2 (2)             ; 2 (2)        ; 0           ; 0            ; 0       ; 0         ; 0    ; 0            ; |FIFO|sld_signaltap:auto_signaltap_0|sld_signaltap_impl:sld_signaltap_body|sld_signaltap_implb:sld_signaltap_body|sld_ela_control:ela_control|sld_ela_basic_multi_level_trigger:\basic_multi_level_mbpm_trigger_gen:multi_level_mbpm|sld_mbpmg:\trigger_modules_gen:0:trigger_match|sld_sbpmg:\gen_sbpmg_pipeline_less_than_two:sm0:100:sm1 ; work         ;
;                      |sld_sbpmg:\gen_sbpmg_pipeline_less_than_two:sm0:101:sm1|                          ; 2 (2)             ; 2 (2)        ; 0           ; 0            ; 0       ; 0         ; 0    ; 0            ; |FIFO|sld_signaltap:auto_signaltap_0|sld_signaltap_impl:sld_signaltap_body|sld_signaltap_implb:sld_signaltap_body|sld_ela_control:ela_control|sld_ela_basic_multi_level_trigger:\basic_multi_level_mbpm_trigger_gen:multi_level_mbpm|sld_mbpmg:\trigger_modules_gen:0:trigger_match|sld_sbpmg:\gen_sbpmg_pipeline_less_than_two:sm0:101:sm1 ; work         ;
;                      |sld_sbpmg:\gen_sbpmg_pipeline_less_than_two:sm0:102:sm1|                          ; 2 (2)             ; 2 (2)        ; 0           ; 0            ; 0       ; 0         ; 0    ; 0            ; |FIFO|sld_signaltap:auto_signaltap_0|sld_signaltap_impl:sld_signaltap_body|sld_signaltap_implb:sld_signaltap_body|sld_ela_control:ela_control|sld_ela_basic_multi_level_trigger:\basic_multi_level_mbpm_trigger_gen:multi_level_mbpm|sld_mbpmg:\trigger_modules_gen:0:trigger_match|sld_sbpmg:\gen_sbpmg_pipeline_less_than_two:sm0:102:sm1 ; work         ;
;                      |sld_sbpmg:\gen_sbpmg_pipeline_less_than_two:sm0:103:sm1|                          ; 2 (2)             ; 2 (2)        ; 0           ; 0            ; 0       ; 0         ; 0    ; 0            ; |FIFO|sld_signaltap:auto_signaltap_0|sld_signaltap_impl:sld_signaltap_body|sld_signaltap_implb:sld_signaltap_body|sld_ela_control:ela_control|sld_ela_basic_multi_level_trigger:\basic_multi_level_mbpm_trigger_gen:multi_level_mbpm|sld_mbpmg:\trigger_modules_gen:0:trigger_match|sld_sbpmg:\gen_sbpmg_pipeline_less_than_two:sm0:103:sm1 ; work         ;
;                      |sld_sbpmg:\gen_sbpmg_pipeline_less_than_two:sm0:104:sm1|                          ; 2 (2)             ; 2 (2)        ; 0           ; 0            ; 0       ; 0         ; 0    ; 0            ; |FIFO|sld_signaltap:auto_signaltap_0|sld_signaltap_impl:sld_signaltap_body|sld_signaltap_implb:sld_signaltap_body|sld_ela_control:ela_control|sld_ela_basic_multi_level_trigger:\basic_multi_level_mbpm_trigger_gen:multi_level_mbpm|sld_mbpmg:\trigger_modules_gen:0:trigger_match|sld_sbpmg:\gen_sbpmg_pipeline_less_than_two:sm0:104:sm1 ; work         ;
;                      |sld_sbpmg:\gen_sbpmg_pipeline_less_than_two:sm0:105:sm1|                          ; 2 (2)             ; 2 (2)        ; 0           ; 0            ; 0       ; 0         ; 0    ; 0            ; |FIFO|sld_signaltap:auto_signaltap_0|sld_signaltap_impl:sld_signaltap_body|sld_signaltap_implb:sld_signaltap_body|sld_ela_control:ela_control|sld_ela_basic_multi_level_trigger:\basic_multi_level_mbpm_trigger_gen:multi_level_mbpm|sld_mbpmg:\trigger_modules_gen:0:trigger_match|sld_sbpmg:\gen_sbpmg_pipeline_less_than_two:sm0:105:sm1 ; work         ;
;                      |sld_sbpmg:\gen_sbpmg_pipeline_less_than_two:sm0:106:sm1|                          ; 2 (2)             ; 2 (2)        ; 0           ; 0            ; 0       ; 0         ; 0    ; 0            ; |FIFO|sld_signaltap:auto_signaltap_0|sld_signaltap_impl:sld_signaltap_body|sld_signaltap_implb:sld_signaltap_body|sld_ela_control:ela_control|sld_ela_basic_multi_level_trigger:\basic_multi_level_mbpm_trigger_gen:multi_level_mbpm|sld_mbpmg:\trigger_modules_gen:0:trigger_match|sld_sbpmg:\gen_sbpmg_pipeline_less_than_two:sm0:106:sm1 ; work         ;
;                      |sld_sbpmg:\gen_sbpmg_pipeline_less_than_two:sm0:107:sm1|                          ; 2 (2)             ; 2 (2)        ; 0           ; 0            ; 0       ; 0         ; 0    ; 0            ; |FIFO|sld_signaltap:auto_signaltap_0|sld_signaltap_impl:sld_signaltap_body|sld_signaltap_implb:sld_signaltap_body|sld_ela_control:ela_control|sld_ela_basic_multi_level_trigger:\basic_multi_level_mbpm_trigger_gen:multi_level_mbpm|sld_mbpmg:\trigger_modules_gen:0:trigger_match|sld_sbpmg:\gen_sbpmg_pipeline_less_than_two:sm0:107:sm1 ; work         ;
;                      |sld_sbpmg:\gen_sbpmg_pipeline_less_than_two:sm0:108:sm1|                          ; 2 (2)             ; 2 (2)        ; 0           ; 0            ; 0       ; 0         ; 0    ; 0            ; |FIFO|sld_signaltap:auto_signaltap_0|sld_signaltap_impl:sld_signaltap_body|sld_signaltap_implb:sld_signaltap_body|sld_ela_control:ela_control|sld_ela_basic_multi_level_trigger:\basic_multi_level_mbpm_trigger_gen:multi_level_mbpm|sld_mbpmg:\trigger_modules_gen:0:trigger_match|sld_sbpmg:\gen_sbpmg_pipeline_less_than_two:sm0:108:sm1 ; work         ;
;                      |sld_sbpmg:\gen_sbpmg_pipeline_less_than_two:sm0:109:sm1|                          ; 2 (2)             ; 2 (2)        ; 0           ; 0            ; 0       ; 0         ; 0    ; 0            ; |FIFO|sld_signaltap:auto_signaltap_0|sld_signaltap_impl:sld_signaltap_body|sld_signaltap_implb:sld_signaltap_body|sld_ela_control:ela_control|sld_ela_basic_multi_level_trigger:\basic_multi_level_mbpm_trigger_gen:multi_level_mbpm|sld_mbpmg:\trigger_modules_gen:0:trigger_match|sld_sbpmg:\gen_sbpmg_pipeline_less_than_two:sm0:109:sm1 ; work         ;
;                      |sld_sbpmg:\gen_sbpmg_pipeline_less_than_two:sm0:10:sm1|                           ; 2 (2)             ; 2 (2)        ; 0           ; 0            ; 0       ; 0         ; 0    ; 0            ; |FIFO|sld_signaltap:auto_signaltap_0|sld_signaltap_impl:sld_signaltap_body|sld_signaltap_implb:sld_signaltap_body|sld_ela_control:ela_control|sld_ela_basic_multi_level_trigger:\basic_multi_level_mbpm_trigger_gen:multi_level_mbpm|sld_mbpmg:\trigger_modules_gen:0:trigger_match|sld_sbpmg:\gen_sbpmg_pipeline_less_than_two:sm0:10:sm1  ; work         ;
;                      |sld_sbpmg:\gen_sbpmg_pipeline_less_than_two:sm0:110:sm1|                          ; 2 (2)             ; 2 (2)        ; 0           ; 0            ; 0       ; 0         ; 0    ; 0            ; |FIFO|sld_signaltap:auto_signaltap_0|sld_signaltap_impl:sld_signaltap_body|sld_signaltap_implb:sld_signaltap_body|sld_ela_control:ela_control|sld_ela_basic_multi_level_trigger:\basic_multi_level_mbpm_trigger_gen:multi_level_mbpm|sld_mbpmg:\trigger_modules_gen:0:trigger_match|sld_sbpmg:\gen_sbpmg_pipeline_less_than_two:sm0:110:sm1 ; work         ;
;                      |sld_sbpmg:\gen_sbpmg_pipeline_less_than_two:sm0:111:sm1|                          ; 2 (2)             ; 2 (2)        ; 0           ; 0            ; 0       ; 0         ; 0    ; 0            ; |FIFO|sld_signaltap:auto_signaltap_0|sld_signaltap_impl:sld_signaltap_body|sld_signaltap_implb:sld_signaltap_body|sld_ela_control:ela_control|sld_ela_basic_multi_level_trigger:\basic_multi_level_mbpm_trigger_gen:multi_level_mbpm|sld_mbpmg:\trigger_modules_gen:0:trigger_match|sld_sbpmg:\gen_sbpmg_pipeline_less_than_two:sm0:111:sm1 ; work         ;
;                      |sld_sbpmg:\gen_sbpmg_pipeline_less_than_two:sm0:112:sm1|                          ; 2 (2)             ; 2 (2)        ; 0           ; 0            ; 0       ; 0         ; 0    ; 0            ; |FIFO|sld_signaltap:auto_signaltap_0|sld_signaltap_impl:sld_signaltap_body|sld_signaltap_implb:sld_signaltap_body|sld_ela_control:ela_control|sld_ela_basic_multi_level_trigger:\basic_multi_level_mbpm_trigger_gen:multi_level_mbpm|sld_mbpmg:\trigger_modules_gen:0:trigger_match|sld_sbpmg:\gen_sbpmg_pipeline_less_than_two:sm0:112:sm1 ; work         ;
;                      |sld_sbpmg:\gen_sbpmg_pipeline_less_than_two:sm0:113:sm1|                          ; 2 (2)             ; 2 (2)        ; 0           ; 0            ; 0       ; 0         ; 0    ; 0            ; |FIFO|sld_signaltap:auto_signaltap_0|sld_signaltap_impl:sld_signaltap_body|sld_signaltap_implb:sld_signaltap_body|sld_ela_control:ela_control|sld_ela_basic_multi_level_trigger:\basic_multi_level_mbpm_trigger_gen:multi_level_mbpm|sld_mbpmg:\trigger_modules_gen:0:trigger_match|sld_sbpmg:\gen_sbpmg_pipeline_less_than_two:sm0:113:sm1 ; work         ;
;                      |sld_sbpmg:\gen_sbpmg_pipeline_less_than_two:sm0:114:sm1|                          ; 2 (2)             ; 2 (2)        ; 0           ; 0            ; 0       ; 0         ; 0    ; 0            ; |FIFO|sld_signaltap:auto_signaltap_0|sld_signaltap_impl:sld_signaltap_body|sld_signaltap_implb:sld_signaltap_body|sld_ela_control:ela_control|sld_ela_basic_multi_level_trigger:\basic_multi_level_mbpm_trigger_gen:multi_level_mbpm|sld_mbpmg:\trigger_modules_gen:0:trigger_match|sld_sbpmg:\gen_sbpmg_pipeline_less_than_two:sm0:114:sm1 ; work         ;
;                      |sld_sbpmg:\gen_sbpmg_pipeline_less_than_two:sm0:115:sm1|                          ; 2 (2)             ; 2 (2)        ; 0           ; 0            ; 0       ; 0         ; 0    ; 0            ; |FIFO|sld_signaltap:auto_signaltap_0|sld_signaltap_impl:sld_signaltap_body|sld_signaltap_implb:sld_signaltap_body|sld_ela_control:ela_control|sld_ela_basic_multi_level_trigger:\basic_multi_level_mbpm_trigger_gen:multi_level_mbpm|sld_mbpmg:\trigger_modules_gen:0:trigger_match|sld_sbpmg:\gen_sbpmg_pipeline_less_than_two:sm0:115:sm1 ; work         ;
;                      |sld_sbpmg:\gen_sbpmg_pipeline_less_than_two:sm0:116:sm1|                          ; 2 (2)             ; 2 (2)        ; 0           ; 0            ; 0       ; 0         ; 0    ; 0            ; |FIFO|sld_signaltap:auto_signaltap_0|sld_signaltap_impl:sld_signaltap_body|sld_signaltap_implb:sld_signaltap_body|sld_ela_control:ela_control|sld_ela_basic_multi_level_trigger:\basic_multi_level_mbpm_trigger_gen:multi_level_mbpm|sld_mbpmg:\trigger_modules_gen:0:trigger_match|sld_sbpmg:\gen_sbpmg_pipeline_less_than_two:sm0:116:sm1 ; work         ;
;                      |sld_sbpmg:\gen_sbpmg_pipeline_less_than_two:sm0:117:sm1|                          ; 2 (2)             ; 2 (2)        ; 0           ; 0            ; 0       ; 0         ; 0    ; 0            ; |FIFO|sld_signaltap:auto_signaltap_0|sld_signaltap_impl:sld_signaltap_body|sld_signaltap_implb:sld_signaltap_body|sld_ela_control:ela_control|sld_ela_basic_multi_level_trigger:\basic_multi_level_mbpm_trigger_gen:multi_level_mbpm|sld_mbpmg:\trigger_modules_gen:0:trigger_match|sld_sbpmg:\gen_sbpmg_pipeline_less_than_two:sm0:117:sm1 ; work         ;
;                      |sld_sbpmg:\gen_sbpmg_pipeline_less_than_two:sm0:118:sm1|                          ; 2 (2)             ; 2 (2)        ; 0           ; 0            ; 0       ; 0         ; 0    ; 0            ; |FIFO|sld_signaltap:auto_signaltap_0|sld_signaltap_impl:sld_signaltap_body|sld_signaltap_implb:sld_signaltap_body|sld_ela_control:ela_control|sld_ela_basic_multi_level_trigger:\basic_multi_level_mbpm_trigger_gen:multi_level_mbpm|sld_mbpmg:\trigger_modules_gen:0:trigger_match|sld_sbpmg:\gen_sbpmg_pipeline_less_than_two:sm0:118:sm1 ; work         ;
;                      |sld_sbpmg:\gen_sbpmg_pipeline_less_than_two:sm0:119:sm1|                          ; 2 (2)             ; 2 (2)        ; 0           ; 0            ; 0       ; 0         ; 0    ; 0            ; |FIFO|sld_signaltap:auto_signaltap_0|sld_signaltap_impl:sld_signaltap_body|sld_signaltap_implb:sld_signaltap_body|sld_ela_control:ela_control|sld_ela_basic_multi_level_trigger:\basic_multi_level_mbpm_trigger_gen:multi_level_mbpm|sld_mbpmg:\trigger_modules_gen:0:trigger_match|sld_sbpmg:\gen_sbpmg_pipeline_less_than_two:sm0:119:sm1 ; work         ;
;                      |sld_sbpmg:\gen_sbpmg_pipeline_less_than_two:sm0:11:sm1|                           ; 2 (2)             ; 2 (2)        ; 0           ; 0            ; 0       ; 0         ; 0    ; 0            ; |FIFO|sld_signaltap:auto_signaltap_0|sld_signaltap_impl:sld_signaltap_body|sld_signaltap_implb:sld_signaltap_body|sld_ela_control:ela_control|sld_ela_basic_multi_level_trigger:\basic_multi_level_mbpm_trigger_gen:multi_level_mbpm|sld_mbpmg:\trigger_modules_gen:0:trigger_match|sld_sbpmg:\gen_sbpmg_pipeline_less_than_two:sm0:11:sm1  ; work         ;
;                      |sld_sbpmg:\gen_sbpmg_pipeline_less_than_two:sm0:120:sm1|                          ; 2 (2)             ; 2 (2)        ; 0           ; 0            ; 0       ; 0         ; 0    ; 0            ; |FIFO|sld_signaltap:auto_signaltap_0|sld_signaltap_impl:sld_signaltap_body|sld_signaltap_implb:sld_signaltap_body|sld_ela_control:ela_control|sld_ela_basic_multi_level_trigger:\basic_multi_level_mbpm_trigger_gen:multi_level_mbpm|sld_mbpmg:\trigger_modules_gen:0:trigger_match|sld_sbpmg:\gen_sbpmg_pipeline_less_than_two:sm0:120:sm1 ; work         ;
;                      |sld_sbpmg:\gen_sbpmg_pipeline_less_than_two:sm0:121:sm1|                          ; 2 (2)             ; 2 (2)        ; 0           ; 0            ; 0       ; 0         ; 0    ; 0            ; |FIFO|sld_signaltap:auto_signaltap_0|sld_signaltap_impl:sld_signaltap_body|sld_signaltap_implb:sld_signaltap_body|sld_ela_control:ela_control|sld_ela_basic_multi_level_trigger:\basic_multi_level_mbpm_trigger_gen:multi_level_mbpm|sld_mbpmg:\trigger_modules_gen:0:trigger_match|sld_sbpmg:\gen_sbpmg_pipeline_less_than_two:sm0:121:sm1 ; work         ;
;                      |sld_sbpmg:\gen_sbpmg_pipeline_less_than_two:sm0:122:sm1|                          ; 2 (2)             ; 2 (2)        ; 0           ; 0            ; 0       ; 0         ; 0    ; 0            ; |FIFO|sld_signaltap:auto_signaltap_0|sld_signaltap_impl:sld_signaltap_body|sld_signaltap_implb:sld_signaltap_body|sld_ela_control:ela_control|sld_ela_basic_multi_level_trigger:\basic_multi_level_mbpm_trigger_gen:multi_level_mbpm|sld_mbpmg:\trigger_modules_gen:0:trigger_match|sld_sbpmg:\gen_sbpmg_pipeline_less_than_two:sm0:122:sm1 ; work         ;
;                      |sld_sbpmg:\gen_sbpmg_pipeline_less_than_two:sm0:123:sm1|                          ; 2 (2)             ; 2 (2)        ; 0           ; 0            ; 0       ; 0         ; 0    ; 0            ; |FIFO|sld_signaltap:auto_signaltap_0|sld_signaltap_impl:sld_signaltap_body|sld_signaltap_implb:sld_signaltap_body|sld_ela_control:ela_control|sld_ela_basic_multi_level_trigger:\basic_multi_level_mbpm_trigger_gen:multi_level_mbpm|sld_mbpmg:\trigger_modules_gen:0:trigger_match|sld_sbpmg:\gen_sbpmg_pipeline_less_than_two:sm0:123:sm1 ; work         ;
;                      |sld_sbpmg:\gen_sbpmg_pipeline_less_than_two:sm0:124:sm1|                          ; 2 (2)             ; 2 (2)        ; 0           ; 0            ; 0       ; 0         ; 0    ; 0            ; |FIFO|sld_signaltap:auto_signaltap_0|sld_signaltap_impl:sld_signaltap_body|sld_signaltap_implb:sld_signaltap_body|sld_ela_control:ela_control|sld_ela_basic_multi_level_trigger:\basic_multi_level_mbpm_trigger_gen:multi_level_mbpm|sld_mbpmg:\trigger_modules_gen:0:trigger_match|sld_sbpmg:\gen_sbpmg_pipeline_less_than_two:sm0:124:sm1 ; work         ;
;                      |sld_sbpmg:\gen_sbpmg_pipeline_less_than_two:sm0:125:sm1|                          ; 2 (2)             ; 2 (2)        ; 0           ; 0            ; 0       ; 0         ; 0    ; 0            ; |FIFO|sld_signaltap:auto_signaltap_0|sld_signaltap_impl:sld_signaltap_body|sld_signaltap_implb:sld_signaltap_body|sld_ela_control:ela_control|sld_ela_basic_multi_level_trigger:\basic_multi_level_mbpm_trigger_gen:multi_level_mbpm|sld_mbpmg:\trigger_modules_gen:0:trigger_match|sld_sbpmg:\gen_sbpmg_pipeline_less_than_two:sm0:125:sm1 ; work         ;
;                      |sld_sbpmg:\gen_sbpmg_pipeline_less_than_two:sm0:126:sm1|                          ; 2 (2)             ; 2 (2)        ; 0           ; 0            ; 0       ; 0         ; 0    ; 0            ; |FIFO|sld_signaltap:auto_signaltap_0|sld_signaltap_impl:sld_signaltap_body|sld_signaltap_implb:sld_signaltap_body|sld_ela_control:ela_control|sld_ela_basic_multi_level_trigger:\basic_multi_level_mbpm_trigger_gen:multi_level_mbpm|sld_mbpmg:\trigger_modules_gen:0:trigger_match|sld_sbpmg:\gen_sbpmg_pipeline_less_than_two:sm0:126:sm1 ; work         ;
;                      |sld_sbpmg:\gen_sbpmg_pipeline_less_than_two:sm0:127:sm1|                          ; 2 (2)             ; 2 (2)        ; 0           ; 0            ; 0       ; 0         ; 0    ; 0            ; |FIFO|sld_signaltap:auto_signaltap_0|sld_signaltap_impl:sld_signaltap_body|sld_signaltap_implb:sld_signaltap_body|sld_ela_control:ela_control|sld_ela_basic_multi_level_trigger:\basic_multi_level_mbpm_trigger_gen:multi_level_mbpm|sld_mbpmg:\trigger_modules_gen:0:trigger_match|sld_sbpmg:\gen_sbpmg_pipeline_less_than_two:sm0:127:sm1 ; work         ;
;                      |sld_sbpmg:\gen_sbpmg_pipeline_less_than_two:sm0:128:sm1|                          ; 2 (2)             ; 2 (2)        ; 0           ; 0            ; 0       ; 0         ; 0    ; 0            ; |FIFO|sld_signaltap:auto_signaltap_0|sld_signaltap_impl:sld_signaltap_body|sld_signaltap_implb:sld_signaltap_body|sld_ela_control:ela_control|sld_ela_basic_multi_level_trigger:\basic_multi_level_mbpm_trigger_gen:multi_level_mbpm|sld_mbpmg:\trigger_modules_gen:0:trigger_match|sld_sbpmg:\gen_sbpmg_pipeline_less_than_two:sm0:128:sm1 ; work         ;
;                      |sld_sbpmg:\gen_sbpmg_pipeline_less_than_two:sm0:129:sm1|                          ; 2 (2)             ; 2 (2)        ; 0           ; 0            ; 0       ; 0         ; 0    ; 0            ; |FIFO|sld_signaltap:auto_signaltap_0|sld_signaltap_impl:sld_signaltap_body|sld_signaltap_implb:sld_signaltap_body|sld_ela_control:ela_control|sld_ela_basic_multi_level_trigger:\basic_multi_level_mbpm_trigger_gen:multi_level_mbpm|sld_mbpmg:\trigger_modules_gen:0:trigger_match|sld_sbpmg:\gen_sbpmg_pipeline_less_than_two:sm0:129:sm1 ; work         ;
;                      |sld_sbpmg:\gen_sbpmg_pipeline_less_than_two:sm0:12:sm1|                           ; 2 (2)             ; 2 (2)        ; 0           ; 0            ; 0       ; 0         ; 0    ; 0            ; |FIFO|sld_signaltap:auto_signaltap_0|sld_signaltap_impl:sld_signaltap_body|sld_signaltap_implb:sld_signaltap_body|sld_ela_control:ela_control|sld_ela_basic_multi_level_trigger:\basic_multi_level_mbpm_trigger_gen:multi_level_mbpm|sld_mbpmg:\trigger_modules_gen:0:trigger_match|sld_sbpmg:\gen_sbpmg_pipeline_less_than_two:sm0:12:sm1  ; work         ;
;                      |sld_sbpmg:\gen_sbpmg_pipeline_less_than_two:sm0:130:sm1|                          ; 2 (2)             ; 2 (2)        ; 0           ; 0            ; 0       ; 0         ; 0    ; 0            ; |FIFO|sld_signaltap:auto_signaltap_0|sld_signaltap_impl:sld_signaltap_body|sld_signaltap_implb:sld_signaltap_body|sld_ela_control:ela_control|sld_ela_basic_multi_level_trigger:\basic_multi_level_mbpm_trigger_gen:multi_level_mbpm|sld_mbpmg:\trigger_modules_gen:0:trigger_match|sld_sbpmg:\gen_sbpmg_pipeline_less_than_two:sm0:130:sm1 ; work         ;
;                      |sld_sbpmg:\gen_sbpmg_pipeline_less_than_two:sm0:131:sm1|                          ; 2 (2)             ; 2 (2)        ; 0           ; 0            ; 0       ; 0         ; 0    ; 0            ; |FIFO|sld_signaltap:auto_signaltap_0|sld_signaltap_impl:sld_signaltap_body|sld_signaltap_implb:sld_signaltap_body|sld_ela_control:ela_control|sld_ela_basic_multi_level_trigger:\basic_multi_level_mbpm_trigger_gen:multi_level_mbpm|sld_mbpmg:\trigger_modules_gen:0:trigger_match|sld_sbpmg:\gen_sbpmg_pipeline_less_than_two:sm0:131:sm1 ; work         ;
;                      |sld_sbpmg:\gen_sbpmg_pipeline_less_than_two:sm0:132:sm1|                          ; 2 (2)             ; 2 (2)        ; 0           ; 0            ; 0       ; 0         ; 0    ; 0            ; |FIFO|sld_signaltap:auto_signaltap_0|sld_signaltap_impl:sld_signaltap_body|sld_signaltap_implb:sld_signaltap_body|sld_ela_control:ela_control|sld_ela_basic_multi_level_trigger:\basic_multi_level_mbpm_trigger_gen:multi_level_mbpm|sld_mbpmg:\trigger_modules_gen:0:trigger_match|sld_sbpmg:\gen_sbpmg_pipeline_less_than_two:sm0:132:sm1 ; work         ;
;                      |sld_sbpmg:\gen_sbpmg_pipeline_less_than_two:sm0:133:sm1|                          ; 2 (2)             ; 2 (2)        ; 0           ; 0            ; 0       ; 0         ; 0    ; 0            ; |FIFO|sld_signaltap:auto_signaltap_0|sld_signaltap_impl:sld_signaltap_body|sld_signaltap_implb:sld_signaltap_body|sld_ela_control:ela_control|sld_ela_basic_multi_level_trigger:\basic_multi_level_mbpm_trigger_gen:multi_level_mbpm|sld_mbpmg:\trigger_modules_gen:0:trigger_match|sld_sbpmg:\gen_sbpmg_pipeline_less_than_two:sm0:133:sm1 ; work         ;
;                      |sld_sbpmg:\gen_sbpmg_pipeline_less_than_two:sm0:134:sm1|                          ; 2 (2)             ; 2 (2)        ; 0           ; 0            ; 0       ; 0         ; 0    ; 0            ; |FIFO|sld_signaltap:auto_signaltap_0|sld_signaltap_impl:sld_signaltap_body|sld_signaltap_implb:sld_signaltap_body|sld_ela_control:ela_control|sld_ela_basic_multi_level_trigger:\basic_multi_level_mbpm_trigger_gen:multi_level_mbpm|sld_mbpmg:\trigger_modules_gen:0:trigger_match|sld_sbpmg:\gen_sbpmg_pipeline_less_than_two:sm0:134:sm1 ; work         ;
;                      |sld_sbpmg:\gen_sbpmg_pipeline_less_than_two:sm0:135:sm1|                          ; 2 (2)             ; 2 (2)        ; 0           ; 0            ; 0       ; 0         ; 0    ; 0            ; |FIFO|sld_signaltap:auto_signaltap_0|sld_signaltap_impl:sld_signaltap_body|sld_signaltap_implb:sld_signaltap_body|sld_ela_control:ela_control|sld_ela_basic_multi_level_trigger:\basic_multi_level_mbpm_trigger_gen:multi_level_mbpm|sld_mbpmg:\trigger_modules_gen:0:trigger_match|sld_sbpmg:\gen_sbpmg_pipeline_less_than_two:sm0:135:sm1 ; work         ;
;                      |sld_sbpmg:\gen_sbpmg_pipeline_less_than_two:sm0:136:sm1|                          ; 2 (2)             ; 2 (2)        ; 0           ; 0            ; 0       ; 0         ; 0    ; 0            ; |FIFO|sld_signaltap:auto_signaltap_0|sld_signaltap_impl:sld_signaltap_body|sld_signaltap_implb:sld_signaltap_body|sld_ela_control:ela_control|sld_ela_basic_multi_level_trigger:\basic_multi_level_mbpm_trigger_gen:multi_level_mbpm|sld_mbpmg:\trigger_modules_gen:0:trigger_match|sld_sbpmg:\gen_sbpmg_pipeline_less_than_two:sm0:136:sm1 ; work         ;
;                      |sld_sbpmg:\gen_sbpmg_pipeline_less_than_two:sm0:137:sm1|                          ; 2 (2)             ; 2 (2)        ; 0           ; 0            ; 0       ; 0         ; 0    ; 0            ; |FIFO|sld_signaltap:auto_signaltap_0|sld_signaltap_impl:sld_signaltap_body|sld_signaltap_implb:sld_signaltap_body|sld_ela_control:ela_control|sld_ela_basic_multi_level_trigger:\basic_multi_level_mbpm_trigger_gen:multi_level_mbpm|sld_mbpmg:\trigger_modules_gen:0:trigger_match|sld_sbpmg:\gen_sbpmg_pipeline_less_than_two:sm0:137:sm1 ; work         ;
;                      |sld_sbpmg:\gen_sbpmg_pipeline_less_than_two:sm0:138:sm1|                          ; 2 (2)             ; 2 (2)        ; 0           ; 0            ; 0       ; 0         ; 0    ; 0            ; |FIFO|sld_signaltap:auto_signaltap_0|sld_signaltap_impl:sld_signaltap_body|sld_signaltap_implb:sld_signaltap_body|sld_ela_control:ela_control|sld_ela_basic_multi_level_trigger:\basic_multi_level_mbpm_trigger_gen:multi_level_mbpm|sld_mbpmg:\trigger_modules_gen:0:trigger_match|sld_sbpmg:\gen_sbpmg_pipeline_less_than_two:sm0:138:sm1 ; work         ;
;                      |sld_sbpmg:\gen_sbpmg_pipeline_less_than_two:sm0:139:sm1|                          ; 2 (2)             ; 2 (2)        ; 0           ; 0            ; 0       ; 0         ; 0    ; 0            ; |FIFO|sld_signaltap:auto_signaltap_0|sld_signaltap_impl:sld_signaltap_body|sld_signaltap_implb:sld_signaltap_body|sld_ela_control:ela_control|sld_ela_basic_multi_level_trigger:\basic_multi_level_mbpm_trigger_gen:multi_level_mbpm|sld_mbpmg:\trigger_modules_gen:0:trigger_match|sld_sbpmg:\gen_sbpmg_pipeline_less_than_two:sm0:139:sm1 ; work         ;
;                      |sld_sbpmg:\gen_sbpmg_pipeline_less_than_two:sm0:13:sm1|                           ; 2 (2)             ; 2 (2)        ; 0           ; 0            ; 0       ; 0         ; 0    ; 0            ; |FIFO|sld_signaltap:auto_signaltap_0|sld_signaltap_impl:sld_signaltap_body|sld_signaltap_implb:sld_signaltap_body|sld_ela_control:ela_control|sld_ela_basic_multi_level_trigger:\basic_multi_level_mbpm_trigger_gen:multi_level_mbpm|sld_mbpmg:\trigger_modules_gen:0:trigger_match|sld_sbpmg:\gen_sbpmg_pipeline_less_than_two:sm0:13:sm1  ; work         ;
;                      |sld_sbpmg:\gen_sbpmg_pipeline_less_than_two:sm0:140:sm1|                          ; 2 (2)             ; 2 (2)        ; 0           ; 0            ; 0       ; 0         ; 0    ; 0            ; |FIFO|sld_signaltap:auto_signaltap_0|sld_signaltap_impl:sld_signaltap_body|sld_signaltap_implb:sld_signaltap_body|sld_ela_control:ela_control|sld_ela_basic_multi_level_trigger:\basic_multi_level_mbpm_trigger_gen:multi_level_mbpm|sld_mbpmg:\trigger_modules_gen:0:trigger_match|sld_sbpmg:\gen_sbpmg_pipeline_less_than_two:sm0:140:sm1 ; work         ;
;                      |sld_sbpmg:\gen_sbpmg_pipeline_less_than_two:sm0:141:sm1|                          ; 2 (2)             ; 2 (2)        ; 0           ; 0            ; 0       ; 0         ; 0    ; 0            ; |FIFO|sld_signaltap:auto_signaltap_0|sld_signaltap_impl:sld_signaltap_body|sld_signaltap_implb:sld_signaltap_body|sld_ela_control:ela_control|sld_ela_basic_multi_level_trigger:\basic_multi_level_mbpm_trigger_gen:multi_level_mbpm|sld_mbpmg:\trigger_modules_gen:0:trigger_match|sld_sbpmg:\gen_sbpmg_pipeline_less_than_two:sm0:141:sm1 ; work         ;
;                      |sld_sbpmg:\gen_sbpmg_pipeline_less_than_two:sm0:142:sm1|                          ; 2 (2)             ; 2 (2)        ; 0           ; 0            ; 0       ; 0         ; 0    ; 0            ; |FIFO|sld_signaltap:auto_signaltap_0|sld_signaltap_impl:sld_signaltap_body|sld_signaltap_implb:sld_signaltap_body|sld_ela_control:ela_control|sld_ela_basic_multi_level_trigger:\basic_multi_level_mbpm_trigger_gen:multi_level_mbpm|sld_mbpmg:\trigger_modules_gen:0:trigger_match|sld_sbpmg:\gen_sbpmg_pipeline_less_than_two:sm0:142:sm1 ; work         ;
;                      |sld_sbpmg:\gen_sbpmg_pipeline_less_than_two:sm0:143:sm1|                          ; 2 (2)             ; 2 (2)        ; 0           ; 0            ; 0       ; 0         ; 0    ; 0            ; |FIFO|sld_signaltap:auto_signaltap_0|sld_signaltap_impl:sld_signaltap_body|sld_signaltap_implb:sld_signaltap_body|sld_ela_control:ela_control|sld_ela_basic_multi_level_trigger:\basic_multi_level_mbpm_trigger_gen:multi_level_mbpm|sld_mbpmg:\trigger_modules_gen:0:trigger_match|sld_sbpmg:\gen_sbpmg_pipeline_less_than_two:sm0:143:sm1 ; work         ;
;                      |sld_sbpmg:\gen_sbpmg_pipeline_less_than_two:sm0:144:sm1|                          ; 2 (2)             ; 2 (2)        ; 0           ; 0            ; 0       ; 0         ; 0    ; 0            ; |FIFO|sld_signaltap:auto_signaltap_0|sld_signaltap_impl:sld_signaltap_body|sld_signaltap_implb:sld_signaltap_body|sld_ela_control:ela_control|sld_ela_basic_multi_level_trigger:\basic_multi_level_mbpm_trigger_gen:multi_level_mbpm|sld_mbpmg:\trigger_modules_gen:0:trigger_match|sld_sbpmg:\gen_sbpmg_pipeline_less_than_two:sm0:144:sm1 ; work         ;
;                      |sld_sbpmg:\gen_sbpmg_pipeline_less_than_two:sm0:145:sm1|                          ; 2 (2)             ; 2 (2)        ; 0           ; 0            ; 0       ; 0         ; 0    ; 0            ; |FIFO|sld_signaltap:auto_signaltap_0|sld_signaltap_impl:sld_signaltap_body|sld_signaltap_implb:sld_signaltap_body|sld_ela_control:ela_control|sld_ela_basic_multi_level_trigger:\basic_multi_level_mbpm_trigger_gen:multi_level_mbpm|sld_mbpmg:\trigger_modules_gen:0:trigger_match|sld_sbpmg:\gen_sbpmg_pipeline_less_than_two:sm0:145:sm1 ; work         ;
;                      |sld_sbpmg:\gen_sbpmg_pipeline_less_than_two:sm0:146:sm1|                          ; 2 (2)             ; 2 (2)        ; 0           ; 0            ; 0       ; 0         ; 0    ; 0            ; |FIFO|sld_signaltap:auto_signaltap_0|sld_signaltap_impl:sld_signaltap_body|sld_signaltap_implb:sld_signaltap_body|sld_ela_control:ela_control|sld_ela_basic_multi_level_trigger:\basic_multi_level_mbpm_trigger_gen:multi_level_mbpm|sld_mbpmg:\trigger_modules_gen:0:trigger_match|sld_sbpmg:\gen_sbpmg_pipeline_less_than_two:sm0:146:sm1 ; work         ;
;                      |sld_sbpmg:\gen_sbpmg_pipeline_less_than_two:sm0:147:sm1|                          ; 2 (2)             ; 2 (2)        ; 0           ; 0            ; 0       ; 0         ; 0    ; 0            ; |FIFO|sld_signaltap:auto_signaltap_0|sld_signaltap_impl:sld_signaltap_body|sld_signaltap_implb:sld_signaltap_body|sld_ela_control:ela_control|sld_ela_basic_multi_level_trigger:\basic_multi_level_mbpm_trigger_gen:multi_level_mbpm|sld_mbpmg:\trigger_modules_gen:0:trigger_match|sld_sbpmg:\gen_sbpmg_pipeline_less_than_two:sm0:147:sm1 ; work         ;
;                      |sld_sbpmg:\gen_sbpmg_pipeline_less_than_two:sm0:148:sm1|                          ; 2 (2)             ; 2 (2)        ; 0           ; 0            ; 0       ; 0         ; 0    ; 0            ; |FIFO|sld_signaltap:auto_signaltap_0|sld_signaltap_impl:sld_signaltap_body|sld_signaltap_implb:sld_signaltap_body|sld_ela_control:ela_control|sld_ela_basic_multi_level_trigger:\basic_multi_level_mbpm_trigger_gen:multi_level_mbpm|sld_mbpmg:\trigger_modules_gen:0:trigger_match|sld_sbpmg:\gen_sbpmg_pipeline_less_than_two:sm0:148:sm1 ; work         ;
;                      |sld_sbpmg:\gen_sbpmg_pipeline_less_than_two:sm0:149:sm1|                          ; 2 (2)             ; 2 (2)        ; 0           ; 0            ; 0       ; 0         ; 0    ; 0            ; |FIFO|sld_signaltap:auto_signaltap_0|sld_signaltap_impl:sld_signaltap_body|sld_signaltap_implb:sld_signaltap_body|sld_ela_control:ela_control|sld_ela_basic_multi_level_trigger:\basic_multi_level_mbpm_trigger_gen:multi_level_mbpm|sld_mbpmg:\trigger_modules_gen:0:trigger_match|sld_sbpmg:\gen_sbpmg_pipeline_less_than_two:sm0:149:sm1 ; work         ;
;                      |sld_sbpmg:\gen_sbpmg_pipeline_less_than_two:sm0:14:sm1|                           ; 2 (2)             ; 2 (2)        ; 0           ; 0            ; 0       ; 0         ; 0    ; 0            ; |FIFO|sld_signaltap:auto_signaltap_0|sld_signaltap_impl:sld_signaltap_body|sld_signaltap_implb:sld_signaltap_body|sld_ela_control:ela_control|sld_ela_basic_multi_level_trigger:\basic_multi_level_mbpm_trigger_gen:multi_level_mbpm|sld_mbpmg:\trigger_modules_gen:0:trigger_match|sld_sbpmg:\gen_sbpmg_pipeline_less_than_two:sm0:14:sm1  ; work         ;
;                      |sld_sbpmg:\gen_sbpmg_pipeline_less_than_two:sm0:150:sm1|                          ; 2 (2)             ; 2 (2)        ; 0           ; 0            ; 0       ; 0         ; 0    ; 0            ; |FIFO|sld_signaltap:auto_signaltap_0|sld_signaltap_impl:sld_signaltap_body|sld_signaltap_implb:sld_signaltap_body|sld_ela_control:ela_control|sld_ela_basic_multi_level_trigger:\basic_multi_level_mbpm_trigger_gen:multi_level_mbpm|sld_mbpmg:\trigger_modules_gen:0:trigger_match|sld_sbpmg:\gen_sbpmg_pipeline_less_than_two:sm0:150:sm1 ; work         ;
;                      |sld_sbpmg:\gen_sbpmg_pipeline_less_than_two:sm0:151:sm1|                          ; 2 (2)             ; 2 (2)        ; 0           ; 0            ; 0       ; 0         ; 0    ; 0            ; |FIFO|sld_signaltap:auto_signaltap_0|sld_signaltap_impl:sld_signaltap_body|sld_signaltap_implb:sld_signaltap_body|sld_ela_control:ela_control|sld_ela_basic_multi_level_trigger:\basic_multi_level_mbpm_trigger_gen:multi_level_mbpm|sld_mbpmg:\trigger_modules_gen:0:trigger_match|sld_sbpmg:\gen_sbpmg_pipeline_less_than_two:sm0:151:sm1 ; work         ;
;                      |sld_sbpmg:\gen_sbpmg_pipeline_less_than_two:sm0:152:sm1|                          ; 2 (2)             ; 2 (2)        ; 0           ; 0            ; 0       ; 0         ; 0    ; 0            ; |FIFO|sld_signaltap:auto_signaltap_0|sld_signaltap_impl:sld_signaltap_body|sld_signaltap_implb:sld_signaltap_body|sld_ela_control:ela_control|sld_ela_basic_multi_level_trigger:\basic_multi_level_mbpm_trigger_gen:multi_level_mbpm|sld_mbpmg:\trigger_modules_gen:0:trigger_match|sld_sbpmg:\gen_sbpmg_pipeline_less_than_two:sm0:152:sm1 ; work         ;
;                      |sld_sbpmg:\gen_sbpmg_pipeline_less_than_two:sm0:153:sm1|                          ; 2 (2)             ; 2 (2)        ; 0           ; 0            ; 0       ; 0         ; 0    ; 0            ; |FIFO|sld_signaltap:auto_signaltap_0|sld_signaltap_impl:sld_signaltap_body|sld_signaltap_implb:sld_signaltap_body|sld_ela_control:ela_control|sld_ela_basic_multi_level_trigger:\basic_multi_level_mbpm_trigger_gen:multi_level_mbpm|sld_mbpmg:\trigger_modules_gen:0:trigger_match|sld_sbpmg:\gen_sbpmg_pipeline_less_than_two:sm0:153:sm1 ; work         ;
;                      |sld_sbpmg:\gen_sbpmg_pipeline_less_than_two:sm0:154:sm1|                          ; 2 (2)             ; 2 (2)        ; 0           ; 0            ; 0       ; 0         ; 0    ; 0            ; |FIFO|sld_signaltap:auto_signaltap_0|sld_signaltap_impl:sld_signaltap_body|sld_signaltap_implb:sld_signaltap_body|sld_ela_control:ela_control|sld_ela_basic_multi_level_trigger:\basic_multi_level_mbpm_trigger_gen:multi_level_mbpm|sld_mbpmg:\trigger_modules_gen:0:trigger_match|sld_sbpmg:\gen_sbpmg_pipeline_less_than_two:sm0:154:sm1 ; work         ;
;                      |sld_sbpmg:\gen_sbpmg_pipeline_less_than_two:sm0:155:sm1|                          ; 2 (2)             ; 2 (2)        ; 0           ; 0            ; 0       ; 0         ; 0    ; 0            ; |FIFO|sld_signaltap:auto_signaltap_0|sld_signaltap_impl:sld_signaltap_body|sld_signaltap_implb:sld_signaltap_body|sld_ela_control:ela_control|sld_ela_basic_multi_level_trigger:\basic_multi_level_mbpm_trigger_gen:multi_level_mbpm|sld_mbpmg:\trigger_modules_gen:0:trigger_match|sld_sbpmg:\gen_sbpmg_pipeline_less_than_two:sm0:155:sm1 ; work         ;
;                      |sld_sbpmg:\gen_sbpmg_pipeline_less_than_two:sm0:156:sm1|                          ; 2 (2)             ; 2 (2)        ; 0           ; 0            ; 0       ; 0         ; 0    ; 0            ; |FIFO|sld_signaltap:auto_signaltap_0|sld_signaltap_impl:sld_signaltap_body|sld_signaltap_implb:sld_signaltap_body|sld_ela_control:ela_control|sld_ela_basic_multi_level_trigger:\basic_multi_level_mbpm_trigger_gen:multi_level_mbpm|sld_mbpmg:\trigger_modules_gen:0:trigger_match|sld_sbpmg:\gen_sbpmg_pipeline_less_than_two:sm0:156:sm1 ; work         ;
;                      |sld_sbpmg:\gen_sbpmg_pipeline_less_than_two:sm0:157:sm1|                          ; 2 (2)             ; 2 (2)        ; 0           ; 0            ; 0       ; 0         ; 0    ; 0            ; |FIFO|sld_signaltap:auto_signaltap_0|sld_signaltap_impl:sld_signaltap_body|sld_signaltap_implb:sld_signaltap_body|sld_ela_control:ela_control|sld_ela_basic_multi_level_trigger:\basic_multi_level_mbpm_trigger_gen:multi_level_mbpm|sld_mbpmg:\trigger_modules_gen:0:trigger_match|sld_sbpmg:\gen_sbpmg_pipeline_less_than_two:sm0:157:sm1 ; work         ;
;                      |sld_sbpmg:\gen_sbpmg_pipeline_less_than_two:sm0:158:sm1|                          ; 2 (2)             ; 2 (2)        ; 0           ; 0            ; 0       ; 0         ; 0    ; 0            ; |FIFO|sld_signaltap:auto_signaltap_0|sld_signaltap_impl:sld_signaltap_body|sld_signaltap_implb:sld_signaltap_body|sld_ela_control:ela_control|sld_ela_basic_multi_level_trigger:\basic_multi_level_mbpm_trigger_gen:multi_level_mbpm|sld_mbpmg:\trigger_modules_gen:0:trigger_match|sld_sbpmg:\gen_sbpmg_pipeline_less_than_two:sm0:158:sm1 ; work         ;
;                      |sld_sbpmg:\gen_sbpmg_pipeline_less_than_two:sm0:159:sm1|                          ; 2 (2)             ; 2 (2)        ; 0           ; 0            ; 0       ; 0         ; 0    ; 0            ; |FIFO|sld_signaltap:auto_signaltap_0|sld_signaltap_impl:sld_signaltap_body|sld_signaltap_implb:sld_signaltap_body|sld_ela_control:ela_control|sld_ela_basic_multi_level_trigger:\basic_multi_level_mbpm_trigger_gen:multi_level_mbpm|sld_mbpmg:\trigger_modules_gen:0:trigger_match|sld_sbpmg:\gen_sbpmg_pipeline_less_than_two:sm0:159:sm1 ; work         ;
;                      |sld_sbpmg:\gen_sbpmg_pipeline_less_than_two:sm0:15:sm1|                           ; 2 (2)             ; 2 (2)        ; 0           ; 0            ; 0       ; 0         ; 0    ; 0            ; |FIFO|sld_signaltap:auto_signaltap_0|sld_signaltap_impl:sld_signaltap_body|sld_signaltap_implb:sld_signaltap_body|sld_ela_control:ela_control|sld_ela_basic_multi_level_trigger:\basic_multi_level_mbpm_trigger_gen:multi_level_mbpm|sld_mbpmg:\trigger_modules_gen:0:trigger_match|sld_sbpmg:\gen_sbpmg_pipeline_less_than_two:sm0:15:sm1  ; work         ;
;                      |sld_sbpmg:\gen_sbpmg_pipeline_less_than_two:sm0:160:sm1|                          ; 2 (2)             ; 2 (2)        ; 0           ; 0            ; 0       ; 0         ; 0    ; 0            ; |FIFO|sld_signaltap:auto_signaltap_0|sld_signaltap_impl:sld_signaltap_body|sld_signaltap_implb:sld_signaltap_body|sld_ela_control:ela_control|sld_ela_basic_multi_level_trigger:\basic_multi_level_mbpm_trigger_gen:multi_level_mbpm|sld_mbpmg:\trigger_modules_gen:0:trigger_match|sld_sbpmg:\gen_sbpmg_pipeline_less_than_two:sm0:160:sm1 ; work         ;
;                      |sld_sbpmg:\gen_sbpmg_pipeline_less_than_two:sm0:161:sm1|                          ; 2 (2)             ; 2 (2)        ; 0           ; 0            ; 0       ; 0         ; 0    ; 0            ; |FIFO|sld_signaltap:auto_signaltap_0|sld_signaltap_impl:sld_signaltap_body|sld_signaltap_implb:sld_signaltap_body|sld_ela_control:ela_control|sld_ela_basic_multi_level_trigger:\basic_multi_level_mbpm_trigger_gen:multi_level_mbpm|sld_mbpmg:\trigger_modules_gen:0:trigger_match|sld_sbpmg:\gen_sbpmg_pipeline_less_than_two:sm0:161:sm1 ; work         ;
;                      |sld_sbpmg:\gen_sbpmg_pipeline_less_than_two:sm0:162:sm1|                          ; 2 (2)             ; 2 (2)        ; 0           ; 0            ; 0       ; 0         ; 0    ; 0            ; |FIFO|sld_signaltap:auto_signaltap_0|sld_signaltap_impl:sld_signaltap_body|sld_signaltap_implb:sld_signaltap_body|sld_ela_control:ela_control|sld_ela_basic_multi_level_trigger:\basic_multi_level_mbpm_trigger_gen:multi_level_mbpm|sld_mbpmg:\trigger_modules_gen:0:trigger_match|sld_sbpmg:\gen_sbpmg_pipeline_less_than_two:sm0:162:sm1 ; work         ;
;                      |sld_sbpmg:\gen_sbpmg_pipeline_less_than_two:sm0:163:sm1|                          ; 2 (2)             ; 2 (2)        ; 0           ; 0            ; 0       ; 0         ; 0    ; 0            ; |FIFO|sld_signaltap:auto_signaltap_0|sld_signaltap_impl:sld_signaltap_body|sld_signaltap_implb:sld_signaltap_body|sld_ela_control:ela_control|sld_ela_basic_multi_level_trigger:\basic_multi_level_mbpm_trigger_gen:multi_level_mbpm|sld_mbpmg:\trigger_modules_gen:0:trigger_match|sld_sbpmg:\gen_sbpmg_pipeline_less_than_two:sm0:163:sm1 ; work         ;
;                      |sld_sbpmg:\gen_sbpmg_pipeline_less_than_two:sm0:164:sm1|                          ; 2 (2)             ; 2 (2)        ; 0           ; 0            ; 0       ; 0         ; 0    ; 0            ; |FIFO|sld_signaltap:auto_signaltap_0|sld_signaltap_impl:sld_signaltap_body|sld_signaltap_implb:sld_signaltap_body|sld_ela_control:ela_control|sld_ela_basic_multi_level_trigger:\basic_multi_level_mbpm_trigger_gen:multi_level_mbpm|sld_mbpmg:\trigger_modules_gen:0:trigger_match|sld_sbpmg:\gen_sbpmg_pipeline_less_than_two:sm0:164:sm1 ; work         ;
;                      |sld_sbpmg:\gen_sbpmg_pipeline_less_than_two:sm0:165:sm1|                          ; 2 (2)             ; 2 (2)        ; 0           ; 0            ; 0       ; 0         ; 0    ; 0            ; |FIFO|sld_signaltap:auto_signaltap_0|sld_signaltap_impl:sld_signaltap_body|sld_signaltap_implb:sld_signaltap_body|sld_ela_control:ela_control|sld_ela_basic_multi_level_trigger:\basic_multi_level_mbpm_trigger_gen:multi_level_mbpm|sld_mbpmg:\trigger_modules_gen:0:trigger_match|sld_sbpmg:\gen_sbpmg_pipeline_less_than_two:sm0:165:sm1 ; work         ;
;                      |sld_sbpmg:\gen_sbpmg_pipeline_less_than_two:sm0:166:sm1|                          ; 2 (2)             ; 2 (2)        ; 0           ; 0            ; 0       ; 0         ; 0    ; 0            ; |FIFO|sld_signaltap:auto_signaltap_0|sld_signaltap_impl:sld_signaltap_body|sld_signaltap_implb:sld_signaltap_body|sld_ela_control:ela_control|sld_ela_basic_multi_level_trigger:\basic_multi_level_mbpm_trigger_gen:multi_level_mbpm|sld_mbpmg:\trigger_modules_gen:0:trigger_match|sld_sbpmg:\gen_sbpmg_pipeline_less_than_two:sm0:166:sm1 ; work         ;
;                      |sld_sbpmg:\gen_sbpmg_pipeline_less_than_two:sm0:167:sm1|                          ; 2 (2)             ; 2 (2)        ; 0           ; 0            ; 0       ; 0         ; 0    ; 0            ; |FIFO|sld_signaltap:auto_signaltap_0|sld_signaltap_impl:sld_signaltap_body|sld_signaltap_implb:sld_signaltap_body|sld_ela_control:ela_control|sld_ela_basic_multi_level_trigger:\basic_multi_level_mbpm_trigger_gen:multi_level_mbpm|sld_mbpmg:\trigger_modules_gen:0:trigger_match|sld_sbpmg:\gen_sbpmg_pipeline_less_than_two:sm0:167:sm1 ; work         ;
;                      |sld_sbpmg:\gen_sbpmg_pipeline_less_than_two:sm0:168:sm1|                          ; 2 (2)             ; 2 (2)        ; 0           ; 0            ; 0       ; 0         ; 0    ; 0            ; |FIFO|sld_signaltap:auto_signaltap_0|sld_signaltap_impl:sld_signaltap_body|sld_signaltap_implb:sld_signaltap_body|sld_ela_control:ela_control|sld_ela_basic_multi_level_trigger:\basic_multi_level_mbpm_trigger_gen:multi_level_mbpm|sld_mbpmg:\trigger_modules_gen:0:trigger_match|sld_sbpmg:\gen_sbpmg_pipeline_less_than_two:sm0:168:sm1 ; work         ;
;                      |sld_sbpmg:\gen_sbpmg_pipeline_less_than_two:sm0:169:sm1|                          ; 2 (2)             ; 2 (2)        ; 0           ; 0            ; 0       ; 0         ; 0    ; 0            ; |FIFO|sld_signaltap:auto_signaltap_0|sld_signaltap_impl:sld_signaltap_body|sld_signaltap_implb:sld_signaltap_body|sld_ela_control:ela_control|sld_ela_basic_multi_level_trigger:\basic_multi_level_mbpm_trigger_gen:multi_level_mbpm|sld_mbpmg:\trigger_modules_gen:0:trigger_match|sld_sbpmg:\gen_sbpmg_pipeline_less_than_two:sm0:169:sm1 ; work         ;
;                      |sld_sbpmg:\gen_sbpmg_pipeline_less_than_two:sm0:16:sm1|                           ; 2 (2)             ; 2 (2)        ; 0           ; 0            ; 0       ; 0         ; 0    ; 0            ; |FIFO|sld_signaltap:auto_signaltap_0|sld_signaltap_impl:sld_signaltap_body|sld_signaltap_implb:sld_signaltap_body|sld_ela_control:ela_control|sld_ela_basic_multi_level_trigger:\basic_multi_level_mbpm_trigger_gen:multi_level_mbpm|sld_mbpmg:\trigger_modules_gen:0:trigger_match|sld_sbpmg:\gen_sbpmg_pipeline_less_than_two:sm0:16:sm1  ; work         ;
;                      |sld_sbpmg:\gen_sbpmg_pipeline_less_than_two:sm0:170:sm1|                          ; 2 (2)             ; 2 (2)        ; 0           ; 0            ; 0       ; 0         ; 0    ; 0            ; |FIFO|sld_signaltap:auto_signaltap_0|sld_signaltap_impl:sld_signaltap_body|sld_signaltap_implb:sld_signaltap_body|sld_ela_control:ela_control|sld_ela_basic_multi_level_trigger:\basic_multi_level_mbpm_trigger_gen:multi_level_mbpm|sld_mbpmg:\trigger_modules_gen:0:trigger_match|sld_sbpmg:\gen_sbpmg_pipeline_less_than_two:sm0:170:sm1 ; work         ;
;                      |sld_sbpmg:\gen_sbpmg_pipeline_less_than_two:sm0:171:sm1|                          ; 2 (2)             ; 2 (2)        ; 0           ; 0            ; 0       ; 0         ; 0    ; 0            ; |FIFO|sld_signaltap:auto_signaltap_0|sld_signaltap_impl:sld_signaltap_body|sld_signaltap_implb:sld_signaltap_body|sld_ela_control:ela_control|sld_ela_basic_multi_level_trigger:\basic_multi_level_mbpm_trigger_gen:multi_level_mbpm|sld_mbpmg:\trigger_modules_gen:0:trigger_match|sld_sbpmg:\gen_sbpmg_pipeline_less_than_two:sm0:171:sm1 ; work         ;
;                      |sld_sbpmg:\gen_sbpmg_pipeline_less_than_two:sm0:172:sm1|                          ; 2 (2)             ; 2 (2)        ; 0           ; 0            ; 0       ; 0         ; 0    ; 0            ; |FIFO|sld_signaltap:auto_signaltap_0|sld_signaltap_impl:sld_signaltap_body|sld_signaltap_implb:sld_signaltap_body|sld_ela_control:ela_control|sld_ela_basic_multi_level_trigger:\basic_multi_level_mbpm_trigger_gen:multi_level_mbpm|sld_mbpmg:\trigger_modules_gen:0:trigger_match|sld_sbpmg:\gen_sbpmg_pipeline_less_than_two:sm0:172:sm1 ; work         ;
;                      |sld_sbpmg:\gen_sbpmg_pipeline_less_than_two:sm0:173:sm1|                          ; 2 (2)             ; 2 (2)        ; 0           ; 0            ; 0       ; 0         ; 0    ; 0            ; |FIFO|sld_signaltap:auto_signaltap_0|sld_signaltap_impl:sld_signaltap_body|sld_signaltap_implb:sld_signaltap_body|sld_ela_control:ela_control|sld_ela_basic_multi_level_trigger:\basic_multi_level_mbpm_trigger_gen:multi_level_mbpm|sld_mbpmg:\trigger_modules_gen:0:trigger_match|sld_sbpmg:\gen_sbpmg_pipeline_less_than_two:sm0:173:sm1 ; work         ;
;                      |sld_sbpmg:\gen_sbpmg_pipeline_less_than_two:sm0:174:sm1|                          ; 2 (2)             ; 2 (2)        ; 0           ; 0            ; 0       ; 0         ; 0    ; 0            ; |FIFO|sld_signaltap:auto_signaltap_0|sld_signaltap_impl:sld_signaltap_body|sld_signaltap_implb:sld_signaltap_body|sld_ela_control:ela_control|sld_ela_basic_multi_level_trigger:\basic_multi_level_mbpm_trigger_gen:multi_level_mbpm|sld_mbpmg:\trigger_modules_gen:0:trigger_match|sld_sbpmg:\gen_sbpmg_pipeline_less_than_two:sm0:174:sm1 ; work         ;
;                      |sld_sbpmg:\gen_sbpmg_pipeline_less_than_two:sm0:175:sm1|                          ; 2 (2)             ; 2 (2)        ; 0           ; 0            ; 0       ; 0         ; 0    ; 0            ; |FIFO|sld_signaltap:auto_signaltap_0|sld_signaltap_impl:sld_signaltap_body|sld_signaltap_implb:sld_signaltap_body|sld_ela_control:ela_control|sld_ela_basic_multi_level_trigger:\basic_multi_level_mbpm_trigger_gen:multi_level_mbpm|sld_mbpmg:\trigger_modules_gen:0:trigger_match|sld_sbpmg:\gen_sbpmg_pipeline_less_than_two:sm0:175:sm1 ; work         ;
;                      |sld_sbpmg:\gen_sbpmg_pipeline_less_than_two:sm0:176:sm1|                          ; 2 (2)             ; 2 (2)        ; 0           ; 0            ; 0       ; 0         ; 0    ; 0            ; |FIFO|sld_signaltap:auto_signaltap_0|sld_signaltap_impl:sld_signaltap_body|sld_signaltap_implb:sld_signaltap_body|sld_ela_control:ela_control|sld_ela_basic_multi_level_trigger:\basic_multi_level_mbpm_trigger_gen:multi_level_mbpm|sld_mbpmg:\trigger_modules_gen:0:trigger_match|sld_sbpmg:\gen_sbpmg_pipeline_less_than_two:sm0:176:sm1 ; work         ;
;                      |sld_sbpmg:\gen_sbpmg_pipeline_less_than_two:sm0:177:sm1|                          ; 2 (2)             ; 2 (2)        ; 0           ; 0            ; 0       ; 0         ; 0    ; 0            ; |FIFO|sld_signaltap:auto_signaltap_0|sld_signaltap_impl:sld_signaltap_body|sld_signaltap_implb:sld_signaltap_body|sld_ela_control:ela_control|sld_ela_basic_multi_level_trigger:\basic_multi_level_mbpm_trigger_gen:multi_level_mbpm|sld_mbpmg:\trigger_modules_gen:0:trigger_match|sld_sbpmg:\gen_sbpmg_pipeline_less_than_two:sm0:177:sm1 ; work         ;
;                      |sld_sbpmg:\gen_sbpmg_pipeline_less_than_two:sm0:178:sm1|                          ; 2 (2)             ; 2 (2)        ; 0           ; 0            ; 0       ; 0         ; 0    ; 0            ; |FIFO|sld_signaltap:auto_signaltap_0|sld_signaltap_impl:sld_signaltap_body|sld_signaltap_implb:sld_signaltap_body|sld_ela_control:ela_control|sld_ela_basic_multi_level_trigger:\basic_multi_level_mbpm_trigger_gen:multi_level_mbpm|sld_mbpmg:\trigger_modules_gen:0:trigger_match|sld_sbpmg:\gen_sbpmg_pipeline_less_than_two:sm0:178:sm1 ; work         ;
;                      |sld_sbpmg:\gen_sbpmg_pipeline_less_than_two:sm0:179:sm1|                          ; 2 (2)             ; 2 (2)        ; 0           ; 0            ; 0       ; 0         ; 0    ; 0            ; |FIFO|sld_signaltap:auto_signaltap_0|sld_signaltap_impl:sld_signaltap_body|sld_signaltap_implb:sld_signaltap_body|sld_ela_control:ela_control|sld_ela_basic_multi_level_trigger:\basic_multi_level_mbpm_trigger_gen:multi_level_mbpm|sld_mbpmg:\trigger_modules_gen:0:trigger_match|sld_sbpmg:\gen_sbpmg_pipeline_less_than_two:sm0:179:sm1 ; work         ;
;                      |sld_sbpmg:\gen_sbpmg_pipeline_less_than_two:sm0:17:sm1|                           ; 2 (2)             ; 2 (2)        ; 0           ; 0            ; 0       ; 0         ; 0    ; 0            ; |FIFO|sld_signaltap:auto_signaltap_0|sld_signaltap_impl:sld_signaltap_body|sld_signaltap_implb:sld_signaltap_body|sld_ela_control:ela_control|sld_ela_basic_multi_level_trigger:\basic_multi_level_mbpm_trigger_gen:multi_level_mbpm|sld_mbpmg:\trigger_modules_gen:0:trigger_match|sld_sbpmg:\gen_sbpmg_pipeline_less_than_two:sm0:17:sm1  ; work         ;
;                      |sld_sbpmg:\gen_sbpmg_pipeline_less_than_two:sm0:180:sm1|                          ; 2 (2)             ; 2 (2)        ; 0           ; 0            ; 0       ; 0         ; 0    ; 0            ; |FIFO|sld_signaltap:auto_signaltap_0|sld_signaltap_impl:sld_signaltap_body|sld_signaltap_implb:sld_signaltap_body|sld_ela_control:ela_control|sld_ela_basic_multi_level_trigger:\basic_multi_level_mbpm_trigger_gen:multi_level_mbpm|sld_mbpmg:\trigger_modules_gen:0:trigger_match|sld_sbpmg:\gen_sbpmg_pipeline_less_than_two:sm0:180:sm1 ; work         ;
;                      |sld_sbpmg:\gen_sbpmg_pipeline_less_than_two:sm0:181:sm1|                          ; 2 (2)             ; 2 (2)        ; 0           ; 0            ; 0       ; 0         ; 0    ; 0            ; |FIFO|sld_signaltap:auto_signaltap_0|sld_signaltap_impl:sld_signaltap_body|sld_signaltap_implb:sld_signaltap_body|sld_ela_control:ela_control|sld_ela_basic_multi_level_trigger:\basic_multi_level_mbpm_trigger_gen:multi_level_mbpm|sld_mbpmg:\trigger_modules_gen:0:trigger_match|sld_sbpmg:\gen_sbpmg_pipeline_less_than_two:sm0:181:sm1 ; work         ;
;                      |sld_sbpmg:\gen_sbpmg_pipeline_less_than_two:sm0:182:sm1|                          ; 2 (2)             ; 2 (2)        ; 0           ; 0            ; 0       ; 0         ; 0    ; 0            ; |FIFO|sld_signaltap:auto_signaltap_0|sld_signaltap_impl:sld_signaltap_body|sld_signaltap_implb:sld_signaltap_body|sld_ela_control:ela_control|sld_ela_basic_multi_level_trigger:\basic_multi_level_mbpm_trigger_gen:multi_level_mbpm|sld_mbpmg:\trigger_modules_gen:0:trigger_match|sld_sbpmg:\gen_sbpmg_pipeline_less_than_two:sm0:182:sm1 ; work         ;
;                      |sld_sbpmg:\gen_sbpmg_pipeline_less_than_two:sm0:183:sm1|                          ; 2 (2)             ; 2 (2)        ; 0           ; 0            ; 0       ; 0         ; 0    ; 0            ; |FIFO|sld_signaltap:auto_signaltap_0|sld_signaltap_impl:sld_signaltap_body|sld_signaltap_implb:sld_signaltap_body|sld_ela_control:ela_control|sld_ela_basic_multi_level_trigger:\basic_multi_level_mbpm_trigger_gen:multi_level_mbpm|sld_mbpmg:\trigger_modules_gen:0:trigger_match|sld_sbpmg:\gen_sbpmg_pipeline_less_than_two:sm0:183:sm1 ; work         ;
;                      |sld_sbpmg:\gen_sbpmg_pipeline_less_than_two:sm0:184:sm1|                          ; 2 (2)             ; 2 (2)        ; 0           ; 0            ; 0       ; 0         ; 0    ; 0            ; |FIFO|sld_signaltap:auto_signaltap_0|sld_signaltap_impl:sld_signaltap_body|sld_signaltap_implb:sld_signaltap_body|sld_ela_control:ela_control|sld_ela_basic_multi_level_trigger:\basic_multi_level_mbpm_trigger_gen:multi_level_mbpm|sld_mbpmg:\trigger_modules_gen:0:trigger_match|sld_sbpmg:\gen_sbpmg_pipeline_less_than_two:sm0:184:sm1 ; work         ;
;                      |sld_sbpmg:\gen_sbpmg_pipeline_less_than_two:sm0:185:sm1|                          ; 2 (2)             ; 2 (2)        ; 0           ; 0            ; 0       ; 0         ; 0    ; 0            ; |FIFO|sld_signaltap:auto_signaltap_0|sld_signaltap_impl:sld_signaltap_body|sld_signaltap_implb:sld_signaltap_body|sld_ela_control:ela_control|sld_ela_basic_multi_level_trigger:\basic_multi_level_mbpm_trigger_gen:multi_level_mbpm|sld_mbpmg:\trigger_modules_gen:0:trigger_match|sld_sbpmg:\gen_sbpmg_pipeline_less_than_two:sm0:185:sm1 ; work         ;
;                      |sld_sbpmg:\gen_sbpmg_pipeline_less_than_two:sm0:186:sm1|                          ; 2 (2)             ; 2 (2)        ; 0           ; 0            ; 0       ; 0         ; 0    ; 0            ; |FIFO|sld_signaltap:auto_signaltap_0|sld_signaltap_impl:sld_signaltap_body|sld_signaltap_implb:sld_signaltap_body|sld_ela_control:ela_control|sld_ela_basic_multi_level_trigger:\basic_multi_level_mbpm_trigger_gen:multi_level_mbpm|sld_mbpmg:\trigger_modules_gen:0:trigger_match|sld_sbpmg:\gen_sbpmg_pipeline_less_than_two:sm0:186:sm1 ; work         ;
;                      |sld_sbpmg:\gen_sbpmg_pipeline_less_than_two:sm0:187:sm1|                          ; 2 (2)             ; 2 (2)        ; 0           ; 0            ; 0       ; 0         ; 0    ; 0            ; |FIFO|sld_signaltap:auto_signaltap_0|sld_signaltap_impl:sld_signaltap_body|sld_signaltap_implb:sld_signaltap_body|sld_ela_control:ela_control|sld_ela_basic_multi_level_trigger:\basic_multi_level_mbpm_trigger_gen:multi_level_mbpm|sld_mbpmg:\trigger_modules_gen:0:trigger_match|sld_sbpmg:\gen_sbpmg_pipeline_less_than_two:sm0:187:sm1 ; work         ;
;                      |sld_sbpmg:\gen_sbpmg_pipeline_less_than_two:sm0:188:sm1|                          ; 2 (2)             ; 2 (2)        ; 0           ; 0            ; 0       ; 0         ; 0    ; 0            ; |FIFO|sld_signaltap:auto_signaltap_0|sld_signaltap_impl:sld_signaltap_body|sld_signaltap_implb:sld_signaltap_body|sld_ela_control:ela_control|sld_ela_basic_multi_level_trigger:\basic_multi_level_mbpm_trigger_gen:multi_level_mbpm|sld_mbpmg:\trigger_modules_gen:0:trigger_match|sld_sbpmg:\gen_sbpmg_pipeline_less_than_two:sm0:188:sm1 ; work         ;
;                      |sld_sbpmg:\gen_sbpmg_pipeline_less_than_two:sm0:189:sm1|                          ; 2 (2)             ; 2 (2)        ; 0           ; 0            ; 0       ; 0         ; 0    ; 0            ; |FIFO|sld_signaltap:auto_signaltap_0|sld_signaltap_impl:sld_signaltap_body|sld_signaltap_implb:sld_signaltap_body|sld_ela_control:ela_control|sld_ela_basic_multi_level_trigger:\basic_multi_level_mbpm_trigger_gen:multi_level_mbpm|sld_mbpmg:\trigger_modules_gen:0:trigger_match|sld_sbpmg:\gen_sbpmg_pipeline_less_than_two:sm0:189:sm1 ; work         ;
;                      |sld_sbpmg:\gen_sbpmg_pipeline_less_than_two:sm0:18:sm1|                           ; 2 (2)             ; 2 (2)        ; 0           ; 0            ; 0       ; 0         ; 0    ; 0            ; |FIFO|sld_signaltap:auto_signaltap_0|sld_signaltap_impl:sld_signaltap_body|sld_signaltap_implb:sld_signaltap_body|sld_ela_control:ela_control|sld_ela_basic_multi_level_trigger:\basic_multi_level_mbpm_trigger_gen:multi_level_mbpm|sld_mbpmg:\trigger_modules_gen:0:trigger_match|sld_sbpmg:\gen_sbpmg_pipeline_less_than_two:sm0:18:sm1  ; work         ;
;                      |sld_sbpmg:\gen_sbpmg_pipeline_less_than_two:sm0:190:sm1|                          ; 2 (2)             ; 2 (2)        ; 0           ; 0            ; 0       ; 0         ; 0    ; 0            ; |FIFO|sld_signaltap:auto_signaltap_0|sld_signaltap_impl:sld_signaltap_body|sld_signaltap_implb:sld_signaltap_body|sld_ela_control:ela_control|sld_ela_basic_multi_level_trigger:\basic_multi_level_mbpm_trigger_gen:multi_level_mbpm|sld_mbpmg:\trigger_modules_gen:0:trigger_match|sld_sbpmg:\gen_sbpmg_pipeline_less_than_two:sm0:190:sm1 ; work         ;
;                      |sld_sbpmg:\gen_sbpmg_pipeline_less_than_two:sm0:191:sm1|                          ; 2 (2)             ; 2 (2)        ; 0           ; 0            ; 0       ; 0         ; 0    ; 0            ; |FIFO|sld_signaltap:auto_signaltap_0|sld_signaltap_impl:sld_signaltap_body|sld_signaltap_implb:sld_signaltap_body|sld_ela_control:ela_control|sld_ela_basic_multi_level_trigger:\basic_multi_level_mbpm_trigger_gen:multi_level_mbpm|sld_mbpmg:\trigger_modules_gen:0:trigger_match|sld_sbpmg:\gen_sbpmg_pipeline_less_than_two:sm0:191:sm1 ; work         ;
;                      |sld_sbpmg:\gen_sbpmg_pipeline_less_than_two:sm0:192:sm1|                          ; 2 (2)             ; 2 (2)        ; 0           ; 0            ; 0       ; 0         ; 0    ; 0            ; |FIFO|sld_signaltap:auto_signaltap_0|sld_signaltap_impl:sld_signaltap_body|sld_signaltap_implb:sld_signaltap_body|sld_ela_control:ela_control|sld_ela_basic_multi_level_trigger:\basic_multi_level_mbpm_trigger_gen:multi_level_mbpm|sld_mbpmg:\trigger_modules_gen:0:trigger_match|sld_sbpmg:\gen_sbpmg_pipeline_less_than_two:sm0:192:sm1 ; work         ;
;                      |sld_sbpmg:\gen_sbpmg_pipeline_less_than_two:sm0:193:sm1|                          ; 2 (2)             ; 2 (2)        ; 0           ; 0            ; 0       ; 0         ; 0    ; 0            ; |FIFO|sld_signaltap:auto_signaltap_0|sld_signaltap_impl:sld_signaltap_body|sld_signaltap_implb:sld_signaltap_body|sld_ela_control:ela_control|sld_ela_basic_multi_level_trigger:\basic_multi_level_mbpm_trigger_gen:multi_level_mbpm|sld_mbpmg:\trigger_modules_gen:0:trigger_match|sld_sbpmg:\gen_sbpmg_pipeline_less_than_two:sm0:193:sm1 ; work         ;
;                      |sld_sbpmg:\gen_sbpmg_pipeline_less_than_two:sm0:194:sm1|                          ; 2 (2)             ; 2 (2)        ; 0           ; 0            ; 0       ; 0         ; 0    ; 0            ; |FIFO|sld_signaltap:auto_signaltap_0|sld_signaltap_impl:sld_signaltap_body|sld_signaltap_implb:sld_signaltap_body|sld_ela_control:ela_control|sld_ela_basic_multi_level_trigger:\basic_multi_level_mbpm_trigger_gen:multi_level_mbpm|sld_mbpmg:\trigger_modules_gen:0:trigger_match|sld_sbpmg:\gen_sbpmg_pipeline_less_than_two:sm0:194:sm1 ; work         ;
;                      |sld_sbpmg:\gen_sbpmg_pipeline_less_than_two:sm0:195:sm1|                          ; 2 (2)             ; 2 (2)        ; 0           ; 0            ; 0       ; 0         ; 0    ; 0            ; |FIFO|sld_signaltap:auto_signaltap_0|sld_signaltap_impl:sld_signaltap_body|sld_signaltap_implb:sld_signaltap_body|sld_ela_control:ela_control|sld_ela_basic_multi_level_trigger:\basic_multi_level_mbpm_trigger_gen:multi_level_mbpm|sld_mbpmg:\trigger_modules_gen:0:trigger_match|sld_sbpmg:\gen_sbpmg_pipeline_less_than_two:sm0:195:sm1 ; work         ;
;                      |sld_sbpmg:\gen_sbpmg_pipeline_less_than_two:sm0:196:sm1|                          ; 2 (2)             ; 2 (2)        ; 0           ; 0            ; 0       ; 0         ; 0    ; 0            ; |FIFO|sld_signaltap:auto_signaltap_0|sld_signaltap_impl:sld_signaltap_body|sld_signaltap_implb:sld_signaltap_body|sld_ela_control:ela_control|sld_ela_basic_multi_level_trigger:\basic_multi_level_mbpm_trigger_gen:multi_level_mbpm|sld_mbpmg:\trigger_modules_gen:0:trigger_match|sld_sbpmg:\gen_sbpmg_pipeline_less_than_two:sm0:196:sm1 ; work         ;
;                      |sld_sbpmg:\gen_sbpmg_pipeline_less_than_two:sm0:197:sm1|                          ; 2 (2)             ; 2 (2)        ; 0           ; 0            ; 0       ; 0         ; 0    ; 0            ; |FIFO|sld_signaltap:auto_signaltap_0|sld_signaltap_impl:sld_signaltap_body|sld_signaltap_implb:sld_signaltap_body|sld_ela_control:ela_control|sld_ela_basic_multi_level_trigger:\basic_multi_level_mbpm_trigger_gen:multi_level_mbpm|sld_mbpmg:\trigger_modules_gen:0:trigger_match|sld_sbpmg:\gen_sbpmg_pipeline_less_than_two:sm0:197:sm1 ; work         ;
;                      |sld_sbpmg:\gen_sbpmg_pipeline_less_than_two:sm0:198:sm1|                          ; 2 (2)             ; 2 (2)        ; 0           ; 0            ; 0       ; 0         ; 0    ; 0            ; |FIFO|sld_signaltap:auto_signaltap_0|sld_signaltap_impl:sld_signaltap_body|sld_signaltap_implb:sld_signaltap_body|sld_ela_control:ela_control|sld_ela_basic_multi_level_trigger:\basic_multi_level_mbpm_trigger_gen:multi_level_mbpm|sld_mbpmg:\trigger_modules_gen:0:trigger_match|sld_sbpmg:\gen_sbpmg_pipeline_less_than_two:sm0:198:sm1 ; work         ;
;                      |sld_sbpmg:\gen_sbpmg_pipeline_less_than_two:sm0:199:sm1|                          ; 2 (2)             ; 2 (2)        ; 0           ; 0            ; 0       ; 0         ; 0    ; 0            ; |FIFO|sld_signaltap:auto_signaltap_0|sld_signaltap_impl:sld_signaltap_body|sld_signaltap_implb:sld_signaltap_body|sld_ela_control:ela_control|sld_ela_basic_multi_level_trigger:\basic_multi_level_mbpm_trigger_gen:multi_level_mbpm|sld_mbpmg:\trigger_modules_gen:0:trigger_match|sld_sbpmg:\gen_sbpmg_pipeline_less_than_two:sm0:199:sm1 ; work         ;
;                      |sld_sbpmg:\gen_sbpmg_pipeline_less_than_two:sm0:19:sm1|                           ; 2 (2)             ; 2 (2)        ; 0           ; 0            ; 0       ; 0         ; 0    ; 0            ; |FIFO|sld_signaltap:auto_signaltap_0|sld_signaltap_impl:sld_signaltap_body|sld_signaltap_implb:sld_signaltap_body|sld_ela_control:ela_control|sld_ela_basic_multi_level_trigger:\basic_multi_level_mbpm_trigger_gen:multi_level_mbpm|sld_mbpmg:\trigger_modules_gen:0:trigger_match|sld_sbpmg:\gen_sbpmg_pipeline_less_than_two:sm0:19:sm1  ; work         ;
;                      |sld_sbpmg:\gen_sbpmg_pipeline_less_than_two:sm0:1:sm1|                            ; 2 (2)             ; 2 (2)        ; 0           ; 0            ; 0       ; 0         ; 0    ; 0            ; |FIFO|sld_signaltap:auto_signaltap_0|sld_signaltap_impl:sld_signaltap_body|sld_signaltap_implb:sld_signaltap_body|sld_ela_control:ela_control|sld_ela_basic_multi_level_trigger:\basic_multi_level_mbpm_trigger_gen:multi_level_mbpm|sld_mbpmg:\trigger_modules_gen:0:trigger_match|sld_sbpmg:\gen_sbpmg_pipeline_less_than_two:sm0:1:sm1   ; work         ;
;                      |sld_sbpmg:\gen_sbpmg_pipeline_less_than_two:sm0:20:sm1|                           ; 2 (2)             ; 2 (2)        ; 0           ; 0            ; 0       ; 0         ; 0    ; 0            ; |FIFO|sld_signaltap:auto_signaltap_0|sld_signaltap_impl:sld_signaltap_body|sld_signaltap_implb:sld_signaltap_body|sld_ela_control:ela_control|sld_ela_basic_multi_level_trigger:\basic_multi_level_mbpm_trigger_gen:multi_level_mbpm|sld_mbpmg:\trigger_modules_gen:0:trigger_match|sld_sbpmg:\gen_sbpmg_pipeline_less_than_two:sm0:20:sm1  ; work         ;
;                      |sld_sbpmg:\gen_sbpmg_pipeline_less_than_two:sm0:21:sm1|                           ; 2 (2)             ; 2 (2)        ; 0           ; 0            ; 0       ; 0         ; 0    ; 0            ; |FIFO|sld_signaltap:auto_signaltap_0|sld_signaltap_impl:sld_signaltap_body|sld_signaltap_implb:sld_signaltap_body|sld_ela_control:ela_control|sld_ela_basic_multi_level_trigger:\basic_multi_level_mbpm_trigger_gen:multi_level_mbpm|sld_mbpmg:\trigger_modules_gen:0:trigger_match|sld_sbpmg:\gen_sbpmg_pipeline_less_than_two:sm0:21:sm1  ; work         ;
;                      |sld_sbpmg:\gen_sbpmg_pipeline_less_than_two:sm0:22:sm1|                           ; 2 (2)             ; 2 (2)        ; 0           ; 0            ; 0       ; 0         ; 0    ; 0            ; |FIFO|sld_signaltap:auto_signaltap_0|sld_signaltap_impl:sld_signaltap_body|sld_signaltap_implb:sld_signaltap_body|sld_ela_control:ela_control|sld_ela_basic_multi_level_trigger:\basic_multi_level_mbpm_trigger_gen:multi_level_mbpm|sld_mbpmg:\trigger_modules_gen:0:trigger_match|sld_sbpmg:\gen_sbpmg_pipeline_less_than_two:sm0:22:sm1  ; work         ;
;                      |sld_sbpmg:\gen_sbpmg_pipeline_less_than_two:sm0:23:sm1|                           ; 2 (2)             ; 2 (2)        ; 0           ; 0            ; 0       ; 0         ; 0    ; 0            ; |FIFO|sld_signaltap:auto_signaltap_0|sld_signaltap_impl:sld_signaltap_body|sld_signaltap_implb:sld_signaltap_body|sld_ela_control:ela_control|sld_ela_basic_multi_level_trigger:\basic_multi_level_mbpm_trigger_gen:multi_level_mbpm|sld_mbpmg:\trigger_modules_gen:0:trigger_match|sld_sbpmg:\gen_sbpmg_pipeline_less_than_two:sm0:23:sm1  ; work         ;
;                      |sld_sbpmg:\gen_sbpmg_pipeline_less_than_two:sm0:24:sm1|                           ; 2 (2)             ; 2 (2)        ; 0           ; 0            ; 0       ; 0         ; 0    ; 0            ; |FIFO|sld_signaltap:auto_signaltap_0|sld_signaltap_impl:sld_signaltap_body|sld_signaltap_implb:sld_signaltap_body|sld_ela_control:ela_control|sld_ela_basic_multi_level_trigger:\basic_multi_level_mbpm_trigger_gen:multi_level_mbpm|sld_mbpmg:\trigger_modules_gen:0:trigger_match|sld_sbpmg:\gen_sbpmg_pipeline_less_than_two:sm0:24:sm1  ; work         ;
;                      |sld_sbpmg:\gen_sbpmg_pipeline_less_than_two:sm0:25:sm1|                           ; 2 (2)             ; 2 (2)        ; 0           ; 0            ; 0       ; 0         ; 0    ; 0            ; |FIFO|sld_signaltap:auto_signaltap_0|sld_signaltap_impl:sld_signaltap_body|sld_signaltap_implb:sld_signaltap_body|sld_ela_control:ela_control|sld_ela_basic_multi_level_trigger:\basic_multi_level_mbpm_trigger_gen:multi_level_mbpm|sld_mbpmg:\trigger_modules_gen:0:trigger_match|sld_sbpmg:\gen_sbpmg_pipeline_less_than_two:sm0:25:sm1  ; work         ;
;                      |sld_sbpmg:\gen_sbpmg_pipeline_less_than_two:sm0:26:sm1|                           ; 2 (2)             ; 2 (2)        ; 0           ; 0            ; 0       ; 0         ; 0    ; 0            ; |FIFO|sld_signaltap:auto_signaltap_0|sld_signaltap_impl:sld_signaltap_body|sld_signaltap_implb:sld_signaltap_body|sld_ela_control:ela_control|sld_ela_basic_multi_level_trigger:\basic_multi_level_mbpm_trigger_gen:multi_level_mbpm|sld_mbpmg:\trigger_modules_gen:0:trigger_match|sld_sbpmg:\gen_sbpmg_pipeline_less_than_two:sm0:26:sm1  ; work         ;
;                      |sld_sbpmg:\gen_sbpmg_pipeline_less_than_two:sm0:27:sm1|                           ; 2 (2)             ; 2 (2)        ; 0           ; 0            ; 0       ; 0         ; 0    ; 0            ; |FIFO|sld_signaltap:auto_signaltap_0|sld_signaltap_impl:sld_signaltap_body|sld_signaltap_implb:sld_signaltap_body|sld_ela_control:ela_control|sld_ela_basic_multi_level_trigger:\basic_multi_level_mbpm_trigger_gen:multi_level_mbpm|sld_mbpmg:\trigger_modules_gen:0:trigger_match|sld_sbpmg:\gen_sbpmg_pipeline_less_than_two:sm0:27:sm1  ; work         ;
;                      |sld_sbpmg:\gen_sbpmg_pipeline_less_than_two:sm0:28:sm1|                           ; 2 (2)             ; 2 (2)        ; 0           ; 0            ; 0       ; 0         ; 0    ; 0            ; |FIFO|sld_signaltap:auto_signaltap_0|sld_signaltap_impl:sld_signaltap_body|sld_signaltap_implb:sld_signaltap_body|sld_ela_control:ela_control|sld_ela_basic_multi_level_trigger:\basic_multi_level_mbpm_trigger_gen:multi_level_mbpm|sld_mbpmg:\trigger_modules_gen:0:trigger_match|sld_sbpmg:\gen_sbpmg_pipeline_less_than_two:sm0:28:sm1  ; work         ;
;                      |sld_sbpmg:\gen_sbpmg_pipeline_less_than_two:sm0:29:sm1|                           ; 2 (2)             ; 2 (2)        ; 0           ; 0            ; 0       ; 0         ; 0    ; 0            ; |FIFO|sld_signaltap:auto_signaltap_0|sld_signaltap_impl:sld_signaltap_body|sld_signaltap_implb:sld_signaltap_body|sld_ela_control:ela_control|sld_ela_basic_multi_level_trigger:\basic_multi_level_mbpm_trigger_gen:multi_level_mbpm|sld_mbpmg:\trigger_modules_gen:0:trigger_match|sld_sbpmg:\gen_sbpmg_pipeline_less_than_two:sm0:29:sm1  ; work         ;
;                      |sld_sbpmg:\gen_sbpmg_pipeline_less_than_two:sm0:2:sm1|                            ; 2 (2)             ; 2 (2)        ; 0           ; 0            ; 0       ; 0         ; 0    ; 0            ; |FIFO|sld_signaltap:auto_signaltap_0|sld_signaltap_impl:sld_signaltap_body|sld_signaltap_implb:sld_signaltap_body|sld_ela_control:ela_control|sld_ela_basic_multi_level_trigger:\basic_multi_level_mbpm_trigger_gen:multi_level_mbpm|sld_mbpmg:\trigger_modules_gen:0:trigger_match|sld_sbpmg:\gen_sbpmg_pipeline_less_than_two:sm0:2:sm1   ; work         ;
;                      |sld_sbpmg:\gen_sbpmg_pipeline_less_than_two:sm0:30:sm1|                           ; 2 (2)             ; 2 (2)        ; 0           ; 0            ; 0       ; 0         ; 0    ; 0            ; |FIFO|sld_signaltap:auto_signaltap_0|sld_signaltap_impl:sld_signaltap_body|sld_signaltap_implb:sld_signaltap_body|sld_ela_control:ela_control|sld_ela_basic_multi_level_trigger:\basic_multi_level_mbpm_trigger_gen:multi_level_mbpm|sld_mbpmg:\trigger_modules_gen:0:trigger_match|sld_sbpmg:\gen_sbpmg_pipeline_less_than_two:sm0:30:sm1  ; work         ;
;                      |sld_sbpmg:\gen_sbpmg_pipeline_less_than_two:sm0:31:sm1|                           ; 2 (2)             ; 2 (2)        ; 0           ; 0            ; 0       ; 0         ; 0    ; 0            ; |FIFO|sld_signaltap:auto_signaltap_0|sld_signaltap_impl:sld_signaltap_body|sld_signaltap_implb:sld_signaltap_body|sld_ela_control:ela_control|sld_ela_basic_multi_level_trigger:\basic_multi_level_mbpm_trigger_gen:multi_level_mbpm|sld_mbpmg:\trigger_modules_gen:0:trigger_match|sld_sbpmg:\gen_sbpmg_pipeline_less_than_two:sm0:31:sm1  ; work         ;
;                      |sld_sbpmg:\gen_sbpmg_pipeline_less_than_two:sm0:32:sm1|                           ; 2 (2)             ; 2 (2)        ; 0           ; 0            ; 0       ; 0         ; 0    ; 0            ; |FIFO|sld_signaltap:auto_signaltap_0|sld_signaltap_impl:sld_signaltap_body|sld_signaltap_implb:sld_signaltap_body|sld_ela_control:ela_control|sld_ela_basic_multi_level_trigger:\basic_multi_level_mbpm_trigger_gen:multi_level_mbpm|sld_mbpmg:\trigger_modules_gen:0:trigger_match|sld_sbpmg:\gen_sbpmg_pipeline_less_than_two:sm0:32:sm1  ; work         ;
;                      |sld_sbpmg:\gen_sbpmg_pipeline_less_than_two:sm0:33:sm1|                           ; 2 (2)             ; 2 (2)        ; 0           ; 0            ; 0       ; 0         ; 0    ; 0            ; |FIFO|sld_signaltap:auto_signaltap_0|sld_signaltap_impl:sld_signaltap_body|sld_signaltap_implb:sld_signaltap_body|sld_ela_control:ela_control|sld_ela_basic_multi_level_trigger:\basic_multi_level_mbpm_trigger_gen:multi_level_mbpm|sld_mbpmg:\trigger_modules_gen:0:trigger_match|sld_sbpmg:\gen_sbpmg_pipeline_less_than_two:sm0:33:sm1  ; work         ;
;                      |sld_sbpmg:\gen_sbpmg_pipeline_less_than_two:sm0:34:sm1|                           ; 2 (2)             ; 2 (2)        ; 0           ; 0            ; 0       ; 0         ; 0    ; 0            ; |FIFO|sld_signaltap:auto_signaltap_0|sld_signaltap_impl:sld_signaltap_body|sld_signaltap_implb:sld_signaltap_body|sld_ela_control:ela_control|sld_ela_basic_multi_level_trigger:\basic_multi_level_mbpm_trigger_gen:multi_level_mbpm|sld_mbpmg:\trigger_modules_gen:0:trigger_match|sld_sbpmg:\gen_sbpmg_pipeline_less_than_two:sm0:34:sm1  ; work         ;
;                      |sld_sbpmg:\gen_sbpmg_pipeline_less_than_two:sm0:35:sm1|                           ; 2 (2)             ; 2 (2)        ; 0           ; 0            ; 0       ; 0         ; 0    ; 0            ; |FIFO|sld_signaltap:auto_signaltap_0|sld_signaltap_impl:sld_signaltap_body|sld_signaltap_implb:sld_signaltap_body|sld_ela_control:ela_control|sld_ela_basic_multi_level_trigger:\basic_multi_level_mbpm_trigger_gen:multi_level_mbpm|sld_mbpmg:\trigger_modules_gen:0:trigger_match|sld_sbpmg:\gen_sbpmg_pipeline_less_than_two:sm0:35:sm1  ; work         ;
;                      |sld_sbpmg:\gen_sbpmg_pipeline_less_than_two:sm0:36:sm1|                           ; 2 (2)             ; 2 (2)        ; 0           ; 0            ; 0       ; 0         ; 0    ; 0            ; |FIFO|sld_signaltap:auto_signaltap_0|sld_signaltap_impl:sld_signaltap_body|sld_signaltap_implb:sld_signaltap_body|sld_ela_control:ela_control|sld_ela_basic_multi_level_trigger:\basic_multi_level_mbpm_trigger_gen:multi_level_mbpm|sld_mbpmg:\trigger_modules_gen:0:trigger_match|sld_sbpmg:\gen_sbpmg_pipeline_less_than_two:sm0:36:sm1  ; work         ;
;                      |sld_sbpmg:\gen_sbpmg_pipeline_less_than_two:sm0:37:sm1|                           ; 2 (2)             ; 2 (2)        ; 0           ; 0            ; 0       ; 0         ; 0    ; 0            ; |FIFO|sld_signaltap:auto_signaltap_0|sld_signaltap_impl:sld_signaltap_body|sld_signaltap_implb:sld_signaltap_body|sld_ela_control:ela_control|sld_ela_basic_multi_level_trigger:\basic_multi_level_mbpm_trigger_gen:multi_level_mbpm|sld_mbpmg:\trigger_modules_gen:0:trigger_match|sld_sbpmg:\gen_sbpmg_pipeline_less_than_two:sm0:37:sm1  ; work         ;
;                      |sld_sbpmg:\gen_sbpmg_pipeline_less_than_two:sm0:38:sm1|                           ; 2 (2)             ; 2 (2)        ; 0           ; 0            ; 0       ; 0         ; 0    ; 0            ; |FIFO|sld_signaltap:auto_signaltap_0|sld_signaltap_impl:sld_signaltap_body|sld_signaltap_implb:sld_signaltap_body|sld_ela_control:ela_control|sld_ela_basic_multi_level_trigger:\basic_multi_level_mbpm_trigger_gen:multi_level_mbpm|sld_mbpmg:\trigger_modules_gen:0:trigger_match|sld_sbpmg:\gen_sbpmg_pipeline_less_than_two:sm0:38:sm1  ; work         ;
;                      |sld_sbpmg:\gen_sbpmg_pipeline_less_than_two:sm0:39:sm1|                           ; 2 (2)             ; 2 (2)        ; 0           ; 0            ; 0       ; 0         ; 0    ; 0            ; |FIFO|sld_signaltap:auto_signaltap_0|sld_signaltap_impl:sld_signaltap_body|sld_signaltap_implb:sld_signaltap_body|sld_ela_control:ela_control|sld_ela_basic_multi_level_trigger:\basic_multi_level_mbpm_trigger_gen:multi_level_mbpm|sld_mbpmg:\trigger_modules_gen:0:trigger_match|sld_sbpmg:\gen_sbpmg_pipeline_less_than_two:sm0:39:sm1  ; work         ;
;                      |sld_sbpmg:\gen_sbpmg_pipeline_less_than_two:sm0:3:sm1|                            ; 2 (2)             ; 2 (2)        ; 0           ; 0            ; 0       ; 0         ; 0    ; 0            ; |FIFO|sld_signaltap:auto_signaltap_0|sld_signaltap_impl:sld_signaltap_body|sld_signaltap_implb:sld_signaltap_body|sld_ela_control:ela_control|sld_ela_basic_multi_level_trigger:\basic_multi_level_mbpm_trigger_gen:multi_level_mbpm|sld_mbpmg:\trigger_modules_gen:0:trigger_match|sld_sbpmg:\gen_sbpmg_pipeline_less_than_two:sm0:3:sm1   ; work         ;
;                      |sld_sbpmg:\gen_sbpmg_pipeline_less_than_two:sm0:40:sm1|                           ; 2 (2)             ; 2 (2)        ; 0           ; 0            ; 0       ; 0         ; 0    ; 0            ; |FIFO|sld_signaltap:auto_signaltap_0|sld_signaltap_impl:sld_signaltap_body|sld_signaltap_implb:sld_signaltap_body|sld_ela_control:ela_control|sld_ela_basic_multi_level_trigger:\basic_multi_level_mbpm_trigger_gen:multi_level_mbpm|sld_mbpmg:\trigger_modules_gen:0:trigger_match|sld_sbpmg:\gen_sbpmg_pipeline_less_than_two:sm0:40:sm1  ; work         ;
;                      |sld_sbpmg:\gen_sbpmg_pipeline_less_than_two:sm0:41:sm1|                           ; 2 (2)             ; 2 (2)        ; 0           ; 0            ; 0       ; 0         ; 0    ; 0            ; |FIFO|sld_signaltap:auto_signaltap_0|sld_signaltap_impl:sld_signaltap_body|sld_signaltap_implb:sld_signaltap_body|sld_ela_control:ela_control|sld_ela_basic_multi_level_trigger:\basic_multi_level_mbpm_trigger_gen:multi_level_mbpm|sld_mbpmg:\trigger_modules_gen:0:trigger_match|sld_sbpmg:\gen_sbpmg_pipeline_less_than_two:sm0:41:sm1  ; work         ;
;                      |sld_sbpmg:\gen_sbpmg_pipeline_less_than_two:sm0:42:sm1|                           ; 2 (2)             ; 2 (2)        ; 0           ; 0            ; 0       ; 0         ; 0    ; 0            ; |FIFO|sld_signaltap:auto_signaltap_0|sld_signaltap_impl:sld_signaltap_body|sld_signaltap_implb:sld_signaltap_body|sld_ela_control:ela_control|sld_ela_basic_multi_level_trigger:\basic_multi_level_mbpm_trigger_gen:multi_level_mbpm|sld_mbpmg:\trigger_modules_gen:0:trigger_match|sld_sbpmg:\gen_sbpmg_pipeline_less_than_two:sm0:42:sm1  ; work         ;
;                      |sld_sbpmg:\gen_sbpmg_pipeline_less_than_two:sm0:43:sm1|                           ; 2 (2)             ; 2 (2)        ; 0           ; 0            ; 0       ; 0         ; 0    ; 0            ; |FIFO|sld_signaltap:auto_signaltap_0|sld_signaltap_impl:sld_signaltap_body|sld_signaltap_implb:sld_signaltap_body|sld_ela_control:ela_control|sld_ela_basic_multi_level_trigger:\basic_multi_level_mbpm_trigger_gen:multi_level_mbpm|sld_mbpmg:\trigger_modules_gen:0:trigger_match|sld_sbpmg:\gen_sbpmg_pipeline_less_than_two:sm0:43:sm1  ; work         ;
;                      |sld_sbpmg:\gen_sbpmg_pipeline_less_than_two:sm0:44:sm1|                           ; 2 (2)             ; 2 (2)        ; 0           ; 0            ; 0       ; 0         ; 0    ; 0            ; |FIFO|sld_signaltap:auto_signaltap_0|sld_signaltap_impl:sld_signaltap_body|sld_signaltap_implb:sld_signaltap_body|sld_ela_control:ela_control|sld_ela_basic_multi_level_trigger:\basic_multi_level_mbpm_trigger_gen:multi_level_mbpm|sld_mbpmg:\trigger_modules_gen:0:trigger_match|sld_sbpmg:\gen_sbpmg_pipeline_less_than_two:sm0:44:sm1  ; work         ;
;                      |sld_sbpmg:\gen_sbpmg_pipeline_less_than_two:sm0:45:sm1|                           ; 2 (2)             ; 2 (2)        ; 0           ; 0            ; 0       ; 0         ; 0    ; 0            ; |FIFO|sld_signaltap:auto_signaltap_0|sld_signaltap_impl:sld_signaltap_body|sld_signaltap_implb:sld_signaltap_body|sld_ela_control:ela_control|sld_ela_basic_multi_level_trigger:\basic_multi_level_mbpm_trigger_gen:multi_level_mbpm|sld_mbpmg:\trigger_modules_gen:0:trigger_match|sld_sbpmg:\gen_sbpmg_pipeline_less_than_two:sm0:45:sm1  ; work         ;
;                      |sld_sbpmg:\gen_sbpmg_pipeline_less_than_two:sm0:46:sm1|                           ; 2 (2)             ; 2 (2)        ; 0           ; 0            ; 0       ; 0         ; 0    ; 0            ; |FIFO|sld_signaltap:auto_signaltap_0|sld_signaltap_impl:sld_signaltap_body|sld_signaltap_implb:sld_signaltap_body|sld_ela_control:ela_control|sld_ela_basic_multi_level_trigger:\basic_multi_level_mbpm_trigger_gen:multi_level_mbpm|sld_mbpmg:\trigger_modules_gen:0:trigger_match|sld_sbpmg:\gen_sbpmg_pipeline_less_than_two:sm0:46:sm1  ; work         ;
;                      |sld_sbpmg:\gen_sbpmg_pipeline_less_than_two:sm0:47:sm1|                           ; 2 (2)             ; 2 (2)        ; 0           ; 0            ; 0       ; 0         ; 0    ; 0            ; |FIFO|sld_signaltap:auto_signaltap_0|sld_signaltap_impl:sld_signaltap_body|sld_signaltap_implb:sld_signaltap_body|sld_ela_control:ela_control|sld_ela_basic_multi_level_trigger:\basic_multi_level_mbpm_trigger_gen:multi_level_mbpm|sld_mbpmg:\trigger_modules_gen:0:trigger_match|sld_sbpmg:\gen_sbpmg_pipeline_less_than_two:sm0:47:sm1  ; work         ;
;                      |sld_sbpmg:\gen_sbpmg_pipeline_less_than_two:sm0:48:sm1|                           ; 2 (2)             ; 2 (2)        ; 0           ; 0            ; 0       ; 0         ; 0    ; 0            ; |FIFO|sld_signaltap:auto_signaltap_0|sld_signaltap_impl:sld_signaltap_body|sld_signaltap_implb:sld_signaltap_body|sld_ela_control:ela_control|sld_ela_basic_multi_level_trigger:\basic_multi_level_mbpm_trigger_gen:multi_level_mbpm|sld_mbpmg:\trigger_modules_gen:0:trigger_match|sld_sbpmg:\gen_sbpmg_pipeline_less_than_two:sm0:48:sm1  ; work         ;
;                      |sld_sbpmg:\gen_sbpmg_pipeline_less_than_two:sm0:49:sm1|                           ; 2 (2)             ; 2 (2)        ; 0           ; 0            ; 0       ; 0         ; 0    ; 0            ; |FIFO|sld_signaltap:auto_signaltap_0|sld_signaltap_impl:sld_signaltap_body|sld_signaltap_implb:sld_signaltap_body|sld_ela_control:ela_control|sld_ela_basic_multi_level_trigger:\basic_multi_level_mbpm_trigger_gen:multi_level_mbpm|sld_mbpmg:\trigger_modules_gen:0:trigger_match|sld_sbpmg:\gen_sbpmg_pipeline_less_than_two:sm0:49:sm1  ; work         ;
;                      |sld_sbpmg:\gen_sbpmg_pipeline_less_than_two:sm0:4:sm1|                            ; 2 (2)             ; 2 (2)        ; 0           ; 0            ; 0       ; 0         ; 0    ; 0            ; |FIFO|sld_signaltap:auto_signaltap_0|sld_signaltap_impl:sld_signaltap_body|sld_signaltap_implb:sld_signaltap_body|sld_ela_control:ela_control|sld_ela_basic_multi_level_trigger:\basic_multi_level_mbpm_trigger_gen:multi_level_mbpm|sld_mbpmg:\trigger_modules_gen:0:trigger_match|sld_sbpmg:\gen_sbpmg_pipeline_less_than_two:sm0:4:sm1   ; work         ;
;                      |sld_sbpmg:\gen_sbpmg_pipeline_less_than_two:sm0:50:sm1|                           ; 2 (2)             ; 2 (2)        ; 0           ; 0            ; 0       ; 0         ; 0    ; 0            ; |FIFO|sld_signaltap:auto_signaltap_0|sld_signaltap_impl:sld_signaltap_body|sld_signaltap_implb:sld_signaltap_body|sld_ela_control:ela_control|sld_ela_basic_multi_level_trigger:\basic_multi_level_mbpm_trigger_gen:multi_level_mbpm|sld_mbpmg:\trigger_modules_gen:0:trigger_match|sld_sbpmg:\gen_sbpmg_pipeline_less_than_two:sm0:50:sm1  ; work         ;
;                      |sld_sbpmg:\gen_sbpmg_pipeline_less_than_two:sm0:51:sm1|                           ; 2 (2)             ; 2 (2)        ; 0           ; 0            ; 0       ; 0         ; 0    ; 0            ; |FIFO|sld_signaltap:auto_signaltap_0|sld_signaltap_impl:sld_signaltap_body|sld_signaltap_implb:sld_signaltap_body|sld_ela_control:ela_control|sld_ela_basic_multi_level_trigger:\basic_multi_level_mbpm_trigger_gen:multi_level_mbpm|sld_mbpmg:\trigger_modules_gen:0:trigger_match|sld_sbpmg:\gen_sbpmg_pipeline_less_than_two:sm0:51:sm1  ; work         ;
;                      |sld_sbpmg:\gen_sbpmg_pipeline_less_than_two:sm0:52:sm1|                           ; 2 (2)             ; 2 (2)        ; 0           ; 0            ; 0       ; 0         ; 0    ; 0            ; |FIFO|sld_signaltap:auto_signaltap_0|sld_signaltap_impl:sld_signaltap_body|sld_signaltap_implb:sld_signaltap_body|sld_ela_control:ela_control|sld_ela_basic_multi_level_trigger:\basic_multi_level_mbpm_trigger_gen:multi_level_mbpm|sld_mbpmg:\trigger_modules_gen:0:trigger_match|sld_sbpmg:\gen_sbpmg_pipeline_less_than_two:sm0:52:sm1  ; work         ;
;                      |sld_sbpmg:\gen_sbpmg_pipeline_less_than_two:sm0:53:sm1|                           ; 2 (2)             ; 2 (2)        ; 0           ; 0            ; 0       ; 0         ; 0    ; 0            ; |FIFO|sld_signaltap:auto_signaltap_0|sld_signaltap_impl:sld_signaltap_body|sld_signaltap_implb:sld_signaltap_body|sld_ela_control:ela_control|sld_ela_basic_multi_level_trigger:\basic_multi_level_mbpm_trigger_gen:multi_level_mbpm|sld_mbpmg:\trigger_modules_gen:0:trigger_match|sld_sbpmg:\gen_sbpmg_pipeline_less_than_two:sm0:53:sm1  ; work         ;
;                      |sld_sbpmg:\gen_sbpmg_pipeline_less_than_two:sm0:54:sm1|                           ; 2 (2)             ; 2 (2)        ; 0           ; 0            ; 0       ; 0         ; 0    ; 0            ; |FIFO|sld_signaltap:auto_signaltap_0|sld_signaltap_impl:sld_signaltap_body|sld_signaltap_implb:sld_signaltap_body|sld_ela_control:ela_control|sld_ela_basic_multi_level_trigger:\basic_multi_level_mbpm_trigger_gen:multi_level_mbpm|sld_mbpmg:\trigger_modules_gen:0:trigger_match|sld_sbpmg:\gen_sbpmg_pipeline_less_than_two:sm0:54:sm1  ; work         ;
;                      |sld_sbpmg:\gen_sbpmg_pipeline_less_than_two:sm0:55:sm1|                           ; 2 (2)             ; 2 (2)        ; 0           ; 0            ; 0       ; 0         ; 0    ; 0            ; |FIFO|sld_signaltap:auto_signaltap_0|sld_signaltap_impl:sld_signaltap_body|sld_signaltap_implb:sld_signaltap_body|sld_ela_control:ela_control|sld_ela_basic_multi_level_trigger:\basic_multi_level_mbpm_trigger_gen:multi_level_mbpm|sld_mbpmg:\trigger_modules_gen:0:trigger_match|sld_sbpmg:\gen_sbpmg_pipeline_less_than_two:sm0:55:sm1  ; work         ;
;                      |sld_sbpmg:\gen_sbpmg_pipeline_less_than_two:sm0:56:sm1|                           ; 2 (2)             ; 2 (2)        ; 0           ; 0            ; 0       ; 0         ; 0    ; 0            ; |FIFO|sld_signaltap:auto_signaltap_0|sld_signaltap_impl:sld_signaltap_body|sld_signaltap_implb:sld_signaltap_body|sld_ela_control:ela_control|sld_ela_basic_multi_level_trigger:\basic_multi_level_mbpm_trigger_gen:multi_level_mbpm|sld_mbpmg:\trigger_modules_gen:0:trigger_match|sld_sbpmg:\gen_sbpmg_pipeline_less_than_two:sm0:56:sm1  ; work         ;
;                      |sld_sbpmg:\gen_sbpmg_pipeline_less_than_two:sm0:57:sm1|                           ; 2 (2)             ; 2 (2)        ; 0           ; 0            ; 0       ; 0         ; 0    ; 0            ; |FIFO|sld_signaltap:auto_signaltap_0|sld_signaltap_impl:sld_signaltap_body|sld_signaltap_implb:sld_signaltap_body|sld_ela_control:ela_control|sld_ela_basic_multi_level_trigger:\basic_multi_level_mbpm_trigger_gen:multi_level_mbpm|sld_mbpmg:\trigger_modules_gen:0:trigger_match|sld_sbpmg:\gen_sbpmg_pipeline_less_than_two:sm0:57:sm1  ; work         ;
;                      |sld_sbpmg:\gen_sbpmg_pipeline_less_than_two:sm0:58:sm1|                           ; 2 (2)             ; 2 (2)        ; 0           ; 0            ; 0       ; 0         ; 0    ; 0            ; |FIFO|sld_signaltap:auto_signaltap_0|sld_signaltap_impl:sld_signaltap_body|sld_signaltap_implb:sld_signaltap_body|sld_ela_control:ela_control|sld_ela_basic_multi_level_trigger:\basic_multi_level_mbpm_trigger_gen:multi_level_mbpm|sld_mbpmg:\trigger_modules_gen:0:trigger_match|sld_sbpmg:\gen_sbpmg_pipeline_less_than_two:sm0:58:sm1  ; work         ;
;                      |sld_sbpmg:\gen_sbpmg_pipeline_less_than_two:sm0:59:sm1|                           ; 2 (2)             ; 2 (2)        ; 0           ; 0            ; 0       ; 0         ; 0    ; 0            ; |FIFO|sld_signaltap:auto_signaltap_0|sld_signaltap_impl:sld_signaltap_body|sld_signaltap_implb:sld_signaltap_body|sld_ela_control:ela_control|sld_ela_basic_multi_level_trigger:\basic_multi_level_mbpm_trigger_gen:multi_level_mbpm|sld_mbpmg:\trigger_modules_gen:0:trigger_match|sld_sbpmg:\gen_sbpmg_pipeline_less_than_two:sm0:59:sm1  ; work         ;
;                      |sld_sbpmg:\gen_sbpmg_pipeline_less_than_two:sm0:5:sm1|                            ; 2 (2)             ; 2 (2)        ; 0           ; 0            ; 0       ; 0         ; 0    ; 0            ; |FIFO|sld_signaltap:auto_signaltap_0|sld_signaltap_impl:sld_signaltap_body|sld_signaltap_implb:sld_signaltap_body|sld_ela_control:ela_control|sld_ela_basic_multi_level_trigger:\basic_multi_level_mbpm_trigger_gen:multi_level_mbpm|sld_mbpmg:\trigger_modules_gen:0:trigger_match|sld_sbpmg:\gen_sbpmg_pipeline_less_than_two:sm0:5:sm1   ; work         ;
;                      |sld_sbpmg:\gen_sbpmg_pipeline_less_than_two:sm0:60:sm1|                           ; 2 (2)             ; 2 (2)        ; 0           ; 0            ; 0       ; 0         ; 0    ; 0            ; |FIFO|sld_signaltap:auto_signaltap_0|sld_signaltap_impl:sld_signaltap_body|sld_signaltap_implb:sld_signaltap_body|sld_ela_control:ela_control|sld_ela_basic_multi_level_trigger:\basic_multi_level_mbpm_trigger_gen:multi_level_mbpm|sld_mbpmg:\trigger_modules_gen:0:trigger_match|sld_sbpmg:\gen_sbpmg_pipeline_less_than_two:sm0:60:sm1  ; work         ;
;                      |sld_sbpmg:\gen_sbpmg_pipeline_less_than_two:sm0:61:sm1|                           ; 2 (2)             ; 2 (2)        ; 0           ; 0            ; 0       ; 0         ; 0    ; 0            ; |FIFO|sld_signaltap:auto_signaltap_0|sld_signaltap_impl:sld_signaltap_body|sld_signaltap_implb:sld_signaltap_body|sld_ela_control:ela_control|sld_ela_basic_multi_level_trigger:\basic_multi_level_mbpm_trigger_gen:multi_level_mbpm|sld_mbpmg:\trigger_modules_gen:0:trigger_match|sld_sbpmg:\gen_sbpmg_pipeline_less_than_two:sm0:61:sm1  ; work         ;
;                      |sld_sbpmg:\gen_sbpmg_pipeline_less_than_two:sm0:62:sm1|                           ; 2 (2)             ; 2 (2)        ; 0           ; 0            ; 0       ; 0         ; 0    ; 0            ; |FIFO|sld_signaltap:auto_signaltap_0|sld_signaltap_impl:sld_signaltap_body|sld_signaltap_implb:sld_signaltap_body|sld_ela_control:ela_control|sld_ela_basic_multi_level_trigger:\basic_multi_level_mbpm_trigger_gen:multi_level_mbpm|sld_mbpmg:\trigger_modules_gen:0:trigger_match|sld_sbpmg:\gen_sbpmg_pipeline_less_than_two:sm0:62:sm1  ; work         ;
;                      |sld_sbpmg:\gen_sbpmg_pipeline_less_than_two:sm0:63:sm1|                           ; 2 (2)             ; 2 (2)        ; 0           ; 0            ; 0       ; 0         ; 0    ; 0            ; |FIFO|sld_signaltap:auto_signaltap_0|sld_signaltap_impl:sld_signaltap_body|sld_signaltap_implb:sld_signaltap_body|sld_ela_control:ela_control|sld_ela_basic_multi_level_trigger:\basic_multi_level_mbpm_trigger_gen:multi_level_mbpm|sld_mbpmg:\trigger_modules_gen:0:trigger_match|sld_sbpmg:\gen_sbpmg_pipeline_less_than_two:sm0:63:sm1  ; work         ;
;                      |sld_sbpmg:\gen_sbpmg_pipeline_less_than_two:sm0:64:sm1|                           ; 2 (2)             ; 2 (2)        ; 0           ; 0            ; 0       ; 0         ; 0    ; 0            ; |FIFO|sld_signaltap:auto_signaltap_0|sld_signaltap_impl:sld_signaltap_body|sld_signaltap_implb:sld_signaltap_body|sld_ela_control:ela_control|sld_ela_basic_multi_level_trigger:\basic_multi_level_mbpm_trigger_gen:multi_level_mbpm|sld_mbpmg:\trigger_modules_gen:0:trigger_match|sld_sbpmg:\gen_sbpmg_pipeline_less_than_two:sm0:64:sm1  ; work         ;
;                      |sld_sbpmg:\gen_sbpmg_pipeline_less_than_two:sm0:65:sm1|                           ; 2 (2)             ; 2 (2)        ; 0           ; 0            ; 0       ; 0         ; 0    ; 0            ; |FIFO|sld_signaltap:auto_signaltap_0|sld_signaltap_impl:sld_signaltap_body|sld_signaltap_implb:sld_signaltap_body|sld_ela_control:ela_control|sld_ela_basic_multi_level_trigger:\basic_multi_level_mbpm_trigger_gen:multi_level_mbpm|sld_mbpmg:\trigger_modules_gen:0:trigger_match|sld_sbpmg:\gen_sbpmg_pipeline_less_than_two:sm0:65:sm1  ; work         ;
;                      |sld_sbpmg:\gen_sbpmg_pipeline_less_than_two:sm0:66:sm1|                           ; 2 (2)             ; 2 (2)        ; 0           ; 0            ; 0       ; 0         ; 0    ; 0            ; |FIFO|sld_signaltap:auto_signaltap_0|sld_signaltap_impl:sld_signaltap_body|sld_signaltap_implb:sld_signaltap_body|sld_ela_control:ela_control|sld_ela_basic_multi_level_trigger:\basic_multi_level_mbpm_trigger_gen:multi_level_mbpm|sld_mbpmg:\trigger_modules_gen:0:trigger_match|sld_sbpmg:\gen_sbpmg_pipeline_less_than_two:sm0:66:sm1  ; work         ;
;                      |sld_sbpmg:\gen_sbpmg_pipeline_less_than_two:sm0:67:sm1|                           ; 2 (2)             ; 2 (2)        ; 0           ; 0            ; 0       ; 0         ; 0    ; 0            ; |FIFO|sld_signaltap:auto_signaltap_0|sld_signaltap_impl:sld_signaltap_body|sld_signaltap_implb:sld_signaltap_body|sld_ela_control:ela_control|sld_ela_basic_multi_level_trigger:\basic_multi_level_mbpm_trigger_gen:multi_level_mbpm|sld_mbpmg:\trigger_modules_gen:0:trigger_match|sld_sbpmg:\gen_sbpmg_pipeline_less_than_two:sm0:67:sm1  ; work         ;
;                      |sld_sbpmg:\gen_sbpmg_pipeline_less_than_two:sm0:68:sm1|                           ; 2 (2)             ; 2 (2)        ; 0           ; 0            ; 0       ; 0         ; 0    ; 0            ; |FIFO|sld_signaltap:auto_signaltap_0|sld_signaltap_impl:sld_signaltap_body|sld_signaltap_implb:sld_signaltap_body|sld_ela_control:ela_control|sld_ela_basic_multi_level_trigger:\basic_multi_level_mbpm_trigger_gen:multi_level_mbpm|sld_mbpmg:\trigger_modules_gen:0:trigger_match|sld_sbpmg:\gen_sbpmg_pipeline_less_than_two:sm0:68:sm1  ; work         ;
;                      |sld_sbpmg:\gen_sbpmg_pipeline_less_than_two:sm0:69:sm1|                           ; 2 (2)             ; 2 (2)        ; 0           ; 0            ; 0       ; 0         ; 0    ; 0            ; |FIFO|sld_signaltap:auto_signaltap_0|sld_signaltap_impl:sld_signaltap_body|sld_signaltap_implb:sld_signaltap_body|sld_ela_control:ela_control|sld_ela_basic_multi_level_trigger:\basic_multi_level_mbpm_trigger_gen:multi_level_mbpm|sld_mbpmg:\trigger_modules_gen:0:trigger_match|sld_sbpmg:\gen_sbpmg_pipeline_less_than_two:sm0:69:sm1  ; work         ;
;                      |sld_sbpmg:\gen_sbpmg_pipeline_less_than_two:sm0:6:sm1|                            ; 2 (2)             ; 2 (2)        ; 0           ; 0            ; 0       ; 0         ; 0    ; 0            ; |FIFO|sld_signaltap:auto_signaltap_0|sld_signaltap_impl:sld_signaltap_body|sld_signaltap_implb:sld_signaltap_body|sld_ela_control:ela_control|sld_ela_basic_multi_level_trigger:\basic_multi_level_mbpm_trigger_gen:multi_level_mbpm|sld_mbpmg:\trigger_modules_gen:0:trigger_match|sld_sbpmg:\gen_sbpmg_pipeline_less_than_two:sm0:6:sm1   ; work         ;
;                      |sld_sbpmg:\gen_sbpmg_pipeline_less_than_two:sm0:70:sm1|                           ; 2 (2)             ; 2 (2)        ; 0           ; 0            ; 0       ; 0         ; 0    ; 0            ; |FIFO|sld_signaltap:auto_signaltap_0|sld_signaltap_impl:sld_signaltap_body|sld_signaltap_implb:sld_signaltap_body|sld_ela_control:ela_control|sld_ela_basic_multi_level_trigger:\basic_multi_level_mbpm_trigger_gen:multi_level_mbpm|sld_mbpmg:\trigger_modules_gen:0:trigger_match|sld_sbpmg:\gen_sbpmg_pipeline_less_than_two:sm0:70:sm1  ; work         ;
;                      |sld_sbpmg:\gen_sbpmg_pipeline_less_than_two:sm0:71:sm1|                           ; 2 (2)             ; 2 (2)        ; 0           ; 0            ; 0       ; 0         ; 0    ; 0            ; |FIFO|sld_signaltap:auto_signaltap_0|sld_signaltap_impl:sld_signaltap_body|sld_signaltap_implb:sld_signaltap_body|sld_ela_control:ela_control|sld_ela_basic_multi_level_trigger:\basic_multi_level_mbpm_trigger_gen:multi_level_mbpm|sld_mbpmg:\trigger_modules_gen:0:trigger_match|sld_sbpmg:\gen_sbpmg_pipeline_less_than_two:sm0:71:sm1  ; work         ;
;                      |sld_sbpmg:\gen_sbpmg_pipeline_less_than_two:sm0:72:sm1|                           ; 2 (2)             ; 2 (2)        ; 0           ; 0            ; 0       ; 0         ; 0    ; 0            ; |FIFO|sld_signaltap:auto_signaltap_0|sld_signaltap_impl:sld_signaltap_body|sld_signaltap_implb:sld_signaltap_body|sld_ela_control:ela_control|sld_ela_basic_multi_level_trigger:\basic_multi_level_mbpm_trigger_gen:multi_level_mbpm|sld_mbpmg:\trigger_modules_gen:0:trigger_match|sld_sbpmg:\gen_sbpmg_pipeline_less_than_two:sm0:72:sm1  ; work         ;
;                      |sld_sbpmg:\gen_sbpmg_pipeline_less_than_two:sm0:73:sm1|                           ; 2 (2)             ; 2 (2)        ; 0           ; 0            ; 0       ; 0         ; 0    ; 0            ; |FIFO|sld_signaltap:auto_signaltap_0|sld_signaltap_impl:sld_signaltap_body|sld_signaltap_implb:sld_signaltap_body|sld_ela_control:ela_control|sld_ela_basic_multi_level_trigger:\basic_multi_level_mbpm_trigger_gen:multi_level_mbpm|sld_mbpmg:\trigger_modules_gen:0:trigger_match|sld_sbpmg:\gen_sbpmg_pipeline_less_than_two:sm0:73:sm1  ; work         ;
;                      |sld_sbpmg:\gen_sbpmg_pipeline_less_than_two:sm0:74:sm1|                           ; 2 (2)             ; 2 (2)        ; 0           ; 0            ; 0       ; 0         ; 0    ; 0            ; |FIFO|sld_signaltap:auto_signaltap_0|sld_signaltap_impl:sld_signaltap_body|sld_signaltap_implb:sld_signaltap_body|sld_ela_control:ela_control|sld_ela_basic_multi_level_trigger:\basic_multi_level_mbpm_trigger_gen:multi_level_mbpm|sld_mbpmg:\trigger_modules_gen:0:trigger_match|sld_sbpmg:\gen_sbpmg_pipeline_less_than_two:sm0:74:sm1  ; work         ;
;                      |sld_sbpmg:\gen_sbpmg_pipeline_less_than_two:sm0:75:sm1|                           ; 2 (2)             ; 2 (2)        ; 0           ; 0            ; 0       ; 0         ; 0    ; 0            ; |FIFO|sld_signaltap:auto_signaltap_0|sld_signaltap_impl:sld_signaltap_body|sld_signaltap_implb:sld_signaltap_body|sld_ela_control:ela_control|sld_ela_basic_multi_level_trigger:\basic_multi_level_mbpm_trigger_gen:multi_level_mbpm|sld_mbpmg:\trigger_modules_gen:0:trigger_match|sld_sbpmg:\gen_sbpmg_pipeline_less_than_two:sm0:75:sm1  ; work         ;
;                      |sld_sbpmg:\gen_sbpmg_pipeline_less_than_two:sm0:76:sm1|                           ; 2 (2)             ; 2 (2)        ; 0           ; 0            ; 0       ; 0         ; 0    ; 0            ; |FIFO|sld_signaltap:auto_signaltap_0|sld_signaltap_impl:sld_signaltap_body|sld_signaltap_implb:sld_signaltap_body|sld_ela_control:ela_control|sld_ela_basic_multi_level_trigger:\basic_multi_level_mbpm_trigger_gen:multi_level_mbpm|sld_mbpmg:\trigger_modules_gen:0:trigger_match|sld_sbpmg:\gen_sbpmg_pipeline_less_than_two:sm0:76:sm1  ; work         ;
;                      |sld_sbpmg:\gen_sbpmg_pipeline_less_than_two:sm0:77:sm1|                           ; 2 (2)             ; 2 (2)        ; 0           ; 0            ; 0       ; 0         ; 0    ; 0            ; |FIFO|sld_signaltap:auto_signaltap_0|sld_signaltap_impl:sld_signaltap_body|sld_signaltap_implb:sld_signaltap_body|sld_ela_control:ela_control|sld_ela_basic_multi_level_trigger:\basic_multi_level_mbpm_trigger_gen:multi_level_mbpm|sld_mbpmg:\trigger_modules_gen:0:trigger_match|sld_sbpmg:\gen_sbpmg_pipeline_less_than_two:sm0:77:sm1  ; work         ;
;                      |sld_sbpmg:\gen_sbpmg_pipeline_less_than_two:sm0:78:sm1|                           ; 2 (2)             ; 2 (2)        ; 0           ; 0            ; 0       ; 0         ; 0    ; 0            ; |FIFO|sld_signaltap:auto_signaltap_0|sld_signaltap_impl:sld_signaltap_body|sld_signaltap_implb:sld_signaltap_body|sld_ela_control:ela_control|sld_ela_basic_multi_level_trigger:\basic_multi_level_mbpm_trigger_gen:multi_level_mbpm|sld_mbpmg:\trigger_modules_gen:0:trigger_match|sld_sbpmg:\gen_sbpmg_pipeline_less_than_two:sm0:78:sm1  ; work         ;
;                      |sld_sbpmg:\gen_sbpmg_pipeline_less_than_two:sm0:79:sm1|                           ; 2 (2)             ; 2 (2)        ; 0           ; 0            ; 0       ; 0         ; 0    ; 0            ; |FIFO|sld_signaltap:auto_signaltap_0|sld_signaltap_impl:sld_signaltap_body|sld_signaltap_implb:sld_signaltap_body|sld_ela_control:ela_control|sld_ela_basic_multi_level_trigger:\basic_multi_level_mbpm_trigger_gen:multi_level_mbpm|sld_mbpmg:\trigger_modules_gen:0:trigger_match|sld_sbpmg:\gen_sbpmg_pipeline_less_than_two:sm0:79:sm1  ; work         ;
;                      |sld_sbpmg:\gen_sbpmg_pipeline_less_than_two:sm0:7:sm1|                            ; 2 (2)             ; 2 (2)        ; 0           ; 0            ; 0       ; 0         ; 0    ; 0            ; |FIFO|sld_signaltap:auto_signaltap_0|sld_signaltap_impl:sld_signaltap_body|sld_signaltap_implb:sld_signaltap_body|sld_ela_control:ela_control|sld_ela_basic_multi_level_trigger:\basic_multi_level_mbpm_trigger_gen:multi_level_mbpm|sld_mbpmg:\trigger_modules_gen:0:trigger_match|sld_sbpmg:\gen_sbpmg_pipeline_less_than_two:sm0:7:sm1   ; work         ;
;                      |sld_sbpmg:\gen_sbpmg_pipeline_less_than_two:sm0:80:sm1|                           ; 2 (2)             ; 2 (2)        ; 0           ; 0            ; 0       ; 0         ; 0    ; 0            ; |FIFO|sld_signaltap:auto_signaltap_0|sld_signaltap_impl:sld_signaltap_body|sld_signaltap_implb:sld_signaltap_body|sld_ela_control:ela_control|sld_ela_basic_multi_level_trigger:\basic_multi_level_mbpm_trigger_gen:multi_level_mbpm|sld_mbpmg:\trigger_modules_gen:0:trigger_match|sld_sbpmg:\gen_sbpmg_pipeline_less_than_two:sm0:80:sm1  ; work         ;
;                      |sld_sbpmg:\gen_sbpmg_pipeline_less_than_two:sm0:81:sm1|                           ; 2 (2)             ; 2 (2)        ; 0           ; 0            ; 0       ; 0         ; 0    ; 0            ; |FIFO|sld_signaltap:auto_signaltap_0|sld_signaltap_impl:sld_signaltap_body|sld_signaltap_implb:sld_signaltap_body|sld_ela_control:ela_control|sld_ela_basic_multi_level_trigger:\basic_multi_level_mbpm_trigger_gen:multi_level_mbpm|sld_mbpmg:\trigger_modules_gen:0:trigger_match|sld_sbpmg:\gen_sbpmg_pipeline_less_than_two:sm0:81:sm1  ; work         ;
;                      |sld_sbpmg:\gen_sbpmg_pipeline_less_than_two:sm0:82:sm1|                           ; 2 (2)             ; 2 (2)        ; 0           ; 0            ; 0       ; 0         ; 0    ; 0            ; |FIFO|sld_signaltap:auto_signaltap_0|sld_signaltap_impl:sld_signaltap_body|sld_signaltap_implb:sld_signaltap_body|sld_ela_control:ela_control|sld_ela_basic_multi_level_trigger:\basic_multi_level_mbpm_trigger_gen:multi_level_mbpm|sld_mbpmg:\trigger_modules_gen:0:trigger_match|sld_sbpmg:\gen_sbpmg_pipeline_less_than_two:sm0:82:sm1  ; work         ;
;                      |sld_sbpmg:\gen_sbpmg_pipeline_less_than_two:sm0:83:sm1|                           ; 2 (2)             ; 2 (2)        ; 0           ; 0            ; 0       ; 0         ; 0    ; 0            ; |FIFO|sld_signaltap:auto_signaltap_0|sld_signaltap_impl:sld_signaltap_body|sld_signaltap_implb:sld_signaltap_body|sld_ela_control:ela_control|sld_ela_basic_multi_level_trigger:\basic_multi_level_mbpm_trigger_gen:multi_level_mbpm|sld_mbpmg:\trigger_modules_gen:0:trigger_match|sld_sbpmg:\gen_sbpmg_pipeline_less_than_two:sm0:83:sm1  ; work         ;
;                      |sld_sbpmg:\gen_sbpmg_pipeline_less_than_two:sm0:84:sm1|                           ; 2 (2)             ; 2 (2)        ; 0           ; 0            ; 0       ; 0         ; 0    ; 0            ; |FIFO|sld_signaltap:auto_signaltap_0|sld_signaltap_impl:sld_signaltap_body|sld_signaltap_implb:sld_signaltap_body|sld_ela_control:ela_control|sld_ela_basic_multi_level_trigger:\basic_multi_level_mbpm_trigger_gen:multi_level_mbpm|sld_mbpmg:\trigger_modules_gen:0:trigger_match|sld_sbpmg:\gen_sbpmg_pipeline_less_than_two:sm0:84:sm1  ; work         ;
;                      |sld_sbpmg:\gen_sbpmg_pipeline_less_than_two:sm0:85:sm1|                           ; 2 (2)             ; 2 (2)        ; 0           ; 0            ; 0       ; 0         ; 0    ; 0            ; |FIFO|sld_signaltap:auto_signaltap_0|sld_signaltap_impl:sld_signaltap_body|sld_signaltap_implb:sld_signaltap_body|sld_ela_control:ela_control|sld_ela_basic_multi_level_trigger:\basic_multi_level_mbpm_trigger_gen:multi_level_mbpm|sld_mbpmg:\trigger_modules_gen:0:trigger_match|sld_sbpmg:\gen_sbpmg_pipeline_less_than_two:sm0:85:sm1  ; work         ;
;                      |sld_sbpmg:\gen_sbpmg_pipeline_less_than_two:sm0:86:sm1|                           ; 2 (2)             ; 2 (2)        ; 0           ; 0            ; 0       ; 0         ; 0    ; 0            ; |FIFO|sld_signaltap:auto_signaltap_0|sld_signaltap_impl:sld_signaltap_body|sld_signaltap_implb:sld_signaltap_body|sld_ela_control:ela_control|sld_ela_basic_multi_level_trigger:\basic_multi_level_mbpm_trigger_gen:multi_level_mbpm|sld_mbpmg:\trigger_modules_gen:0:trigger_match|sld_sbpmg:\gen_sbpmg_pipeline_less_than_two:sm0:86:sm1  ; work         ;
;                      |sld_sbpmg:\gen_sbpmg_pipeline_less_than_two:sm0:87:sm1|                           ; 2 (2)             ; 2 (2)        ; 0           ; 0            ; 0       ; 0         ; 0    ; 0            ; |FIFO|sld_signaltap:auto_signaltap_0|sld_signaltap_impl:sld_signaltap_body|sld_signaltap_implb:sld_signaltap_body|sld_ela_control:ela_control|sld_ela_basic_multi_level_trigger:\basic_multi_level_mbpm_trigger_gen:multi_level_mbpm|sld_mbpmg:\trigger_modules_gen:0:trigger_match|sld_sbpmg:\gen_sbpmg_pipeline_less_than_two:sm0:87:sm1  ; work         ;
;                      |sld_sbpmg:\gen_sbpmg_pipeline_less_than_two:sm0:88:sm1|                           ; 2 (2)             ; 2 (2)        ; 0           ; 0            ; 0       ; 0         ; 0    ; 0            ; |FIFO|sld_signaltap:auto_signaltap_0|sld_signaltap_impl:sld_signaltap_body|sld_signaltap_implb:sld_signaltap_body|sld_ela_control:ela_control|sld_ela_basic_multi_level_trigger:\basic_multi_level_mbpm_trigger_gen:multi_level_mbpm|sld_mbpmg:\trigger_modules_gen:0:trigger_match|sld_sbpmg:\gen_sbpmg_pipeline_less_than_two:sm0:88:sm1  ; work         ;
;                      |sld_sbpmg:\gen_sbpmg_pipeline_less_than_two:sm0:89:sm1|                           ; 2 (2)             ; 2 (2)        ; 0           ; 0            ; 0       ; 0         ; 0    ; 0            ; |FIFO|sld_signaltap:auto_signaltap_0|sld_signaltap_impl:sld_signaltap_body|sld_signaltap_implb:sld_signaltap_body|sld_ela_control:ela_control|sld_ela_basic_multi_level_trigger:\basic_multi_level_mbpm_trigger_gen:multi_level_mbpm|sld_mbpmg:\trigger_modules_gen:0:trigger_match|sld_sbpmg:\gen_sbpmg_pipeline_less_than_two:sm0:89:sm1  ; work         ;
;                      |sld_sbpmg:\gen_sbpmg_pipeline_less_than_two:sm0:8:sm1|                            ; 2 (2)             ; 2 (2)        ; 0           ; 0            ; 0       ; 0         ; 0    ; 0            ; |FIFO|sld_signaltap:auto_signaltap_0|sld_signaltap_impl:sld_signaltap_body|sld_signaltap_implb:sld_signaltap_body|sld_ela_control:ela_control|sld_ela_basic_multi_level_trigger:\basic_multi_level_mbpm_trigger_gen:multi_level_mbpm|sld_mbpmg:\trigger_modules_gen:0:trigger_match|sld_sbpmg:\gen_sbpmg_pipeline_less_than_two:sm0:8:sm1   ; work         ;
;                      |sld_sbpmg:\gen_sbpmg_pipeline_less_than_two:sm0:90:sm1|                           ; 2 (2)             ; 2 (2)        ; 0           ; 0            ; 0       ; 0         ; 0    ; 0            ; |FIFO|sld_signaltap:auto_signaltap_0|sld_signaltap_impl:sld_signaltap_body|sld_signaltap_implb:sld_signaltap_body|sld_ela_control:ela_control|sld_ela_basic_multi_level_trigger:\basic_multi_level_mbpm_trigger_gen:multi_level_mbpm|sld_mbpmg:\trigger_modules_gen:0:trigger_match|sld_sbpmg:\gen_sbpmg_pipeline_less_than_two:sm0:90:sm1  ; work         ;
;                      |sld_sbpmg:\gen_sbpmg_pipeline_less_than_two:sm0:91:sm1|                           ; 2 (2)             ; 2 (2)        ; 0           ; 0            ; 0       ; 0         ; 0    ; 0            ; |FIFO|sld_signaltap:auto_signaltap_0|sld_signaltap_impl:sld_signaltap_body|sld_signaltap_implb:sld_signaltap_body|sld_ela_control:ela_control|sld_ela_basic_multi_level_trigger:\basic_multi_level_mbpm_trigger_gen:multi_level_mbpm|sld_mbpmg:\trigger_modules_gen:0:trigger_match|sld_sbpmg:\gen_sbpmg_pipeline_less_than_two:sm0:91:sm1  ; work         ;
;                      |sld_sbpmg:\gen_sbpmg_pipeline_less_than_two:sm0:92:sm1|                           ; 2 (2)             ; 2 (2)        ; 0           ; 0            ; 0       ; 0         ; 0    ; 0            ; |FIFO|sld_signaltap:auto_signaltap_0|sld_signaltap_impl:sld_signaltap_body|sld_signaltap_implb:sld_signaltap_body|sld_ela_control:ela_control|sld_ela_basic_multi_level_trigger:\basic_multi_level_mbpm_trigger_gen:multi_level_mbpm|sld_mbpmg:\trigger_modules_gen:0:trigger_match|sld_sbpmg:\gen_sbpmg_pipeline_less_than_two:sm0:92:sm1  ; work         ;
;                      |sld_sbpmg:\gen_sbpmg_pipeline_less_than_two:sm0:93:sm1|                           ; 2 (2)             ; 2 (2)        ; 0           ; 0            ; 0       ; 0         ; 0    ; 0            ; |FIFO|sld_signaltap:auto_signaltap_0|sld_signaltap_impl:sld_signaltap_body|sld_signaltap_implb:sld_signaltap_body|sld_ela_control:ela_control|sld_ela_basic_multi_level_trigger:\basic_multi_level_mbpm_trigger_gen:multi_level_mbpm|sld_mbpmg:\trigger_modules_gen:0:trigger_match|sld_sbpmg:\gen_sbpmg_pipeline_less_than_two:sm0:93:sm1  ; work         ;
;                      |sld_sbpmg:\gen_sbpmg_pipeline_less_than_two:sm0:94:sm1|                           ; 2 (2)             ; 2 (2)        ; 0           ; 0            ; 0       ; 0         ; 0    ; 0            ; |FIFO|sld_signaltap:auto_signaltap_0|sld_signaltap_impl:sld_signaltap_body|sld_signaltap_implb:sld_signaltap_body|sld_ela_control:ela_control|sld_ela_basic_multi_level_trigger:\basic_multi_level_mbpm_trigger_gen:multi_level_mbpm|sld_mbpmg:\trigger_modules_gen:0:trigger_match|sld_sbpmg:\gen_sbpmg_pipeline_less_than_two:sm0:94:sm1  ; work         ;
;                      |sld_sbpmg:\gen_sbpmg_pipeline_less_than_two:sm0:95:sm1|                           ; 2 (2)             ; 2 (2)        ; 0           ; 0            ; 0       ; 0         ; 0    ; 0            ; |FIFO|sld_signaltap:auto_signaltap_0|sld_signaltap_impl:sld_signaltap_body|sld_signaltap_implb:sld_signaltap_body|sld_ela_control:ela_control|sld_ela_basic_multi_level_trigger:\basic_multi_level_mbpm_trigger_gen:multi_level_mbpm|sld_mbpmg:\trigger_modules_gen:0:trigger_match|sld_sbpmg:\gen_sbpmg_pipeline_less_than_two:sm0:95:sm1  ; work         ;
;                      |sld_sbpmg:\gen_sbpmg_pipeline_less_than_two:sm0:96:sm1|                           ; 2 (2)             ; 2 (2)        ; 0           ; 0            ; 0       ; 0         ; 0    ; 0            ; |FIFO|sld_signaltap:auto_signaltap_0|sld_signaltap_impl:sld_signaltap_body|sld_signaltap_implb:sld_signaltap_body|sld_ela_control:ela_control|sld_ela_basic_multi_level_trigger:\basic_multi_level_mbpm_trigger_gen:multi_level_mbpm|sld_mbpmg:\trigger_modules_gen:0:trigger_match|sld_sbpmg:\gen_sbpmg_pipeline_less_than_two:sm0:96:sm1  ; work         ;
;                      |sld_sbpmg:\gen_sbpmg_pipeline_less_than_two:sm0:97:sm1|                           ; 2 (2)             ; 2 (2)        ; 0           ; 0            ; 0       ; 0         ; 0    ; 0            ; |FIFO|sld_signaltap:auto_signaltap_0|sld_signaltap_impl:sld_signaltap_body|sld_signaltap_implb:sld_signaltap_body|sld_ela_control:ela_control|sld_ela_basic_multi_level_trigger:\basic_multi_level_mbpm_trigger_gen:multi_level_mbpm|sld_mbpmg:\trigger_modules_gen:0:trigger_match|sld_sbpmg:\gen_sbpmg_pipeline_less_than_two:sm0:97:sm1  ; work         ;
;                      |sld_sbpmg:\gen_sbpmg_pipeline_less_than_two:sm0:98:sm1|                           ; 2 (2)             ; 2 (2)        ; 0           ; 0            ; 0       ; 0         ; 0    ; 0            ; |FIFO|sld_signaltap:auto_signaltap_0|sld_signaltap_impl:sld_signaltap_body|sld_signaltap_implb:sld_signaltap_body|sld_ela_control:ela_control|sld_ela_basic_multi_level_trigger:\basic_multi_level_mbpm_trigger_gen:multi_level_mbpm|sld_mbpmg:\trigger_modules_gen:0:trigger_match|sld_sbpmg:\gen_sbpmg_pipeline_less_than_two:sm0:98:sm1  ; work         ;
;                      |sld_sbpmg:\gen_sbpmg_pipeline_less_than_two:sm0:99:sm1|                           ; 2 (2)             ; 2 (2)        ; 0           ; 0            ; 0       ; 0         ; 0    ; 0            ; |FIFO|sld_signaltap:auto_signaltap_0|sld_signaltap_impl:sld_signaltap_body|sld_signaltap_implb:sld_signaltap_body|sld_ela_control:ela_control|sld_ela_basic_multi_level_trigger:\basic_multi_level_mbpm_trigger_gen:multi_level_mbpm|sld_mbpmg:\trigger_modules_gen:0:trigger_match|sld_sbpmg:\gen_sbpmg_pipeline_less_than_two:sm0:99:sm1  ; work         ;
;                      |sld_sbpmg:\gen_sbpmg_pipeline_less_than_two:sm0:9:sm1|                            ; 2 (2)             ; 2 (2)        ; 0           ; 0            ; 0       ; 0         ; 0    ; 0            ; |FIFO|sld_signaltap:auto_signaltap_0|sld_signaltap_impl:sld_signaltap_body|sld_signaltap_implb:sld_signaltap_body|sld_ela_control:ela_control|sld_ela_basic_multi_level_trigger:\basic_multi_level_mbpm_trigger_gen:multi_level_mbpm|sld_mbpmg:\trigger_modules_gen:0:trigger_match|sld_sbpmg:\gen_sbpmg_pipeline_less_than_two:sm0:9:sm1   ; work         ;
;                |sld_ela_trigger_flow_mgr:\builtin:ela_trigger_flow_mgr_entity|                          ; 69 (69)           ; 11 (1)       ; 0           ; 0            ; 0       ; 0         ; 0    ; 0            ; |FIFO|sld_signaltap:auto_signaltap_0|sld_signaltap_impl:sld_signaltap_body|sld_signaltap_implb:sld_signaltap_body|sld_ela_control:ela_control|sld_ela_trigger_flow_mgr:\builtin:ela_trigger_flow_mgr_entity                                                                                                                                 ; work         ;
;                   |lpm_shiftreg:trigger_config_deserialize|                                             ; 0 (0)             ; 10 (10)      ; 0           ; 0            ; 0       ; 0         ; 0    ; 0            ; |FIFO|sld_signaltap:auto_signaltap_0|sld_signaltap_impl:sld_signaltap_body|sld_signaltap_implb:sld_signaltap_body|sld_ela_control:ela_control|sld_ela_trigger_flow_mgr:\builtin:ela_trigger_flow_mgr_entity|lpm_shiftreg:trigger_config_deserialize                                                                                         ; work         ;
;             |sld_offload_buffer_mgr:\stp_non_zero_depth_offload_gen:stp_offload_buff_mgr_inst|          ; 266 (10)          ; 250 (0)      ; 0           ; 0            ; 0       ; 0         ; 0    ; 0            ; |FIFO|sld_signaltap:auto_signaltap_0|sld_signaltap_impl:sld_signaltap_body|sld_signaltap_implb:sld_signaltap_body|sld_offload_buffer_mgr:\stp_non_zero_depth_offload_gen:stp_offload_buff_mgr_inst                                                                                                                                          ; work         ;
;                |lpm_counter:\adv_point_3_and_more:advance_pointer_counter|                              ; 10 (0)            ; 8 (0)        ; 0           ; 0            ; 0       ; 0         ; 0    ; 0            ; |FIFO|sld_signaltap:auto_signaltap_0|sld_signaltap_impl:sld_signaltap_body|sld_signaltap_implb:sld_signaltap_body|sld_offload_buffer_mgr:\stp_non_zero_depth_offload_gen:stp_offload_buff_mgr_inst|lpm_counter:\adv_point_3_and_more:advance_pointer_counter                                                                                ; work         ;
;                   |cntr_cdi:auto_generated|                                                             ; 10 (10)           ; 8 (8)        ; 0           ; 0            ; 0       ; 0         ; 0    ; 0            ; |FIFO|sld_signaltap:auto_signaltap_0|sld_signaltap_impl:sld_signaltap_body|sld_signaltap_implb:sld_signaltap_body|sld_offload_buffer_mgr:\stp_non_zero_depth_offload_gen:stp_offload_buff_mgr_inst|lpm_counter:\adv_point_3_and_more:advance_pointer_counter|cntr_cdi:auto_generated                                                        ; work         ;
;                |lpm_counter:read_pointer_counter|                                                       ; 7 (0)             ; 7 (0)        ; 0           ; 0            ; 0       ; 0         ; 0    ; 0            ; |FIFO|sld_signaltap:auto_signaltap_0|sld_signaltap_impl:sld_signaltap_body|sld_signaltap_implb:sld_signaltap_body|sld_offload_buffer_mgr:\stp_non_zero_depth_offload_gen:stp_offload_buff_mgr_inst|lpm_counter:read_pointer_counter                                                                                                         ; work         ;
;                   |cntr_02j:auto_generated|                                                             ; 7 (7)             ; 7 (7)        ; 0           ; 0            ; 0       ; 0         ; 0    ; 0            ; |FIFO|sld_signaltap:auto_signaltap_0|sld_signaltap_impl:sld_signaltap_body|sld_signaltap_implb:sld_signaltap_body|sld_offload_buffer_mgr:\stp_non_zero_depth_offload_gen:stp_offload_buff_mgr_inst|lpm_counter:read_pointer_counter|cntr_02j:auto_generated                                                                                 ; work         ;
;                |lpm_counter:status_advance_pointer_counter|                                             ; 6 (0)             ; 4 (0)        ; 0           ; 0            ; 0       ; 0         ; 0    ; 0            ; |FIFO|sld_signaltap:auto_signaltap_0|sld_signaltap_impl:sld_signaltap_body|sld_signaltap_implb:sld_signaltap_body|sld_offload_buffer_mgr:\stp_non_zero_depth_offload_gen:stp_offload_buff_mgr_inst|lpm_counter:status_advance_pointer_counter                                                                                               ; work         ;
;                   |cntr_sbi:auto_generated|                                                             ; 6 (6)             ; 4 (4)        ; 0           ; 0            ; 0       ; 0         ; 0    ; 0            ; |FIFO|sld_signaltap:auto_signaltap_0|sld_signaltap_impl:sld_signaltap_body|sld_signaltap_implb:sld_signaltap_body|sld_offload_buffer_mgr:\stp_non_zero_depth_offload_gen:stp_offload_buff_mgr_inst|lpm_counter:status_advance_pointer_counter|cntr_sbi:auto_generated                                                                       ; work         ;
;                |lpm_counter:status_read_pointer_counter|                                                ; 3 (0)             ; 1 (0)        ; 0           ; 0            ; 0       ; 0         ; 0    ; 0            ; |FIFO|sld_signaltap:auto_signaltap_0|sld_signaltap_impl:sld_signaltap_body|sld_signaltap_implb:sld_signaltap_body|sld_offload_buffer_mgr:\stp_non_zero_depth_offload_gen:stp_offload_buff_mgr_inst|lpm_counter:status_read_pointer_counter                                                                                                  ; work         ;
;                   |cntr_gui:auto_generated|                                                             ; 3 (3)             ; 1 (1)        ; 0           ; 0            ; 0       ; 0         ; 0    ; 0            ; |FIFO|sld_signaltap:auto_signaltap_0|sld_signaltap_impl:sld_signaltap_body|sld_signaltap_implb:sld_signaltap_body|sld_offload_buffer_mgr:\stp_non_zero_depth_offload_gen:stp_offload_buff_mgr_inst|lpm_counter:status_read_pointer_counter|cntr_gui:auto_generated                                                                          ; work         ;
;                |lpm_shiftreg:info_data_shift_out|                                                       ; 15 (15)           ; 15 (15)      ; 0           ; 0            ; 0       ; 0         ; 0    ; 0            ; |FIFO|sld_signaltap:auto_signaltap_0|sld_signaltap_impl:sld_signaltap_body|sld_signaltap_implb:sld_signaltap_body|sld_offload_buffer_mgr:\stp_non_zero_depth_offload_gen:stp_offload_buff_mgr_inst|lpm_shiftreg:info_data_shift_out                                                                                                         ; work         ;
;                |lpm_shiftreg:ram_data_shift_out|                                                        ; 200 (200)         ; 200 (200)    ; 0           ; 0            ; 0       ; 0         ; 0    ; 0            ; |FIFO|sld_signaltap:auto_signaltap_0|sld_signaltap_impl:sld_signaltap_body|sld_signaltap_implb:sld_signaltap_body|sld_offload_buffer_mgr:\stp_non_zero_depth_offload_gen:stp_offload_buff_mgr_inst|lpm_shiftreg:ram_data_shift_out                                                                                                          ; work         ;
;                |lpm_shiftreg:status_data_shift_out|                                                     ; 15 (15)           ; 15 (15)      ; 0           ; 0            ; 0       ; 0         ; 0    ; 0            ; |FIFO|sld_signaltap:auto_signaltap_0|sld_signaltap_impl:sld_signaltap_body|sld_signaltap_implb:sld_signaltap_body|sld_offload_buffer_mgr:\stp_non_zero_depth_offload_gen:stp_offload_buff_mgr_inst|lpm_shiftreg:status_data_shift_out                                                                                                       ; work         ;
;             |sld_rom_sr:crc_rom_sr|                                                                     ; 20 (20)           ; 8 (8)        ; 0           ; 0            ; 0       ; 0         ; 0    ; 0            ; |FIFO|sld_signaltap:auto_signaltap_0|sld_signaltap_impl:sld_signaltap_body|sld_signaltap_implb:sld_signaltap_body|sld_rom_sr:crc_rom_sr                                                                                                                                                                                                     ; work         ;
+---------------------------------------------------------------------------------------------------------+-------------------+--------------+-------------+--------------+---------+-----------+------+--------------+---------------------------------------------------------------------------------------------------------------------------------------------------------------------------------------------------------------------------------------------------------------------------------------------------------------------------------------------+--------------+
Note: For table entries with two numbers listed, the numbers in parentheses indicate the number of resources of the given type used by the specific entity alone. The numbers listed outside of parentheses indicate the total resources of the given type used by the specific entity and all of its sub-entities in the hierarchy.


+------------------------------------------------------------------------------------------------------------------------------------------------------------------------------------------------------------------------------------------------------------------------------------------------------------+
; Analysis & Synthesis RAM Summary                                                                                                                                                                                                                                                                           ;
+-------------------------------------------------------------------------------------------------------------------------------------------------------------------------------------------------------+------+------------------+--------------+--------------+--------------+--------------+-------+------+
; Name                                                                                                                                                                                                  ; Type ; Mode             ; Port A Depth ; Port A Width ; Port B Depth ; Port B Width ; Size  ; MIF  ;
+-------------------------------------------------------------------------------------------------------------------------------------------------------------------------------------------------------+------+------------------+--------------+--------------+--------------+--------------+-------+------+
; altsyncram:buffer_rtl_0|altsyncram_1rd1:auto_generated|ALTSYNCRAM                                                                                                                                     ; AUTO ; Simple Dual Port ; 256          ; 32           ; 256          ; 32           ; 8192  ; None ;
; sld_signaltap:auto_signaltap_0|sld_signaltap_impl:sld_signaltap_body|sld_signaltap_implb:sld_signaltap_body|altsyncram:\stp_non_zero_ram_gen:stp_buffer_ram|altsyncram_is14:auto_generated|ALTSYNCRAM ; AUTO ; Simple Dual Port ; 128          ; 200          ; 128          ; 200          ; 25600 ; None ;
+-------------------------------------------------------------------------------------------------------------------------------------------------------------------------------------------------------+------+------------------+--------------+--------------+--------------+--------------+-------+------+


+---------------------------------------------------------------------------------------------------------------------------------------------------------+
; Analysis & Synthesis IP Cores Summary                                                                                                                   ;
+--------+------------------------------+-------------+--------------+--------------+--------------------------------+------------------------------------+
; Vendor ; IP Core Name                 ; Version     ; Release Date ; License Type ; Entity Instance                ; IP Include File                    ;
+--------+------------------------------+-------------+--------------+--------------+--------------------------------+------------------------------------+
; Altera ; Qsys                         ; 13.0sp1     ; N/A          ; N/A          ; |FIFO|System:u0                ; System/synthesis/../../System.qsys ;
; Altera ; altera_avalon_onchip_memory2 ; 13.0.1.99.2 ; N/A          ; N/A          ; |FIFO|System:u0|DMAFinal:dma_0 ; System/synthesis/../../System.qsys ;
+--------+------------------------------+-------------+--------------+--------------+--------------------------------+------------------------------------+


+-----------------------------------------------------------------+
; Registers Removed During Synthesis                              ;
+---------------------------------------+-------------------------+
; Register name                         ; Reason for Removal      ;
+---------------------------------------+-------------------------+
; buffer_rtl_0_bypass[16]               ; Merged with pos_read[7] ;
; buffer_rtl_0_bypass[2]                ; Merged with pos_read[0] ;
; buffer_rtl_0_bypass[14]               ; Merged with pos_read[6] ;
; buffer_rtl_0_bypass[12]               ; Merged with pos_read[5] ;
; buffer_rtl_0_bypass[10]               ; Merged with pos_read[4] ;
; buffer_rtl_0_bypass[8]                ; Merged with pos_read[3] ;
; buffer_rtl_0_bypass[6]                ; Merged with pos_read[2] ;
; buffer_rtl_0_bypass[4]                ; Merged with pos_read[1] ;
; Total Number of Removed Registers = 8 ;                         ;
+---------------------------------------+-------------------------+


+------------------------------------------------------+
; General Register Statistics                          ;
+----------------------------------------------+-------+
; Statistic                                    ; Value ;
+----------------------------------------------+-------+
; Total registers                              ; 2790  ;
; Number of registers using Synchronous Clear  ; 12    ;
; Number of registers using Synchronous Load   ; 30    ;
; Number of registers using Asynchronous Clear ; 949   ;
; Number of registers using Asynchronous Load  ; 0     ;
; Number of registers using Clock Enable       ; 850   ;
; Number of registers using Preset             ; 0     ;
+----------------------------------------------+-------+


+-----------------------------------------------------------------------------------------------------------------------------------------------------------------------------------------+
; Inverted Register Statistics                                                                                                                                                            ;
+-------------------------------------------------------------------------------------------------------------------------------------------------------------------------------+---------+
; Inverted Register                                                                                                                                                             ; Fan out ;
+-------------------------------------------------------------------------------------------------------------------------------------------------------------------------------+---------+
; sld_hub:auto_hub|sld_jtag_hub:\jtag_hub_gen:sld_jtag_hub_inst|tdo                                                                                                             ; 1       ;
; sld_hub:auto_hub|sld_jtag_hub:\jtag_hub_gen:sld_jtag_hub_inst|jtag_ir_reg[2]                                                                                                  ; 2       ;
; sld_hub:auto_hub|sld_jtag_hub:\jtag_hub_gen:sld_jtag_hub_inst|jtag_ir_reg[1]                                                                                                  ; 3       ;
; sld_signaltap:auto_signaltap_0|sld_signaltap_impl:sld_signaltap_body|sld_signaltap_implb:sld_signaltap_body|sld_buffer_manager:sld_buffer_manager_inst|modified_post_count[1] ; 1       ;
; sld_signaltap:auto_signaltap_0|sld_signaltap_impl:sld_signaltap_body|sld_signaltap_implb:sld_signaltap_body|sld_buffer_manager:sld_buffer_manager_inst|modified_post_count[2] ; 1       ;
; sld_signaltap:auto_signaltap_0|sld_signaltap_impl:sld_signaltap_body|sld_signaltap_implb:sld_signaltap_body|sld_buffer_manager:sld_buffer_manager_inst|modified_post_count[3] ; 1       ;
; sld_signaltap:auto_signaltap_0|sld_signaltap_impl:sld_signaltap_body|sld_signaltap_implb:sld_signaltap_body|sld_buffer_manager:sld_buffer_manager_inst|modified_post_count[4] ; 1       ;
; sld_signaltap:auto_signaltap_0|sld_signaltap_impl:sld_signaltap_body|sld_signaltap_implb:sld_signaltap_body|sld_buffer_manager:sld_buffer_manager_inst|modified_post_count[5] ; 1       ;
; sld_signaltap:auto_signaltap_0|sld_signaltap_impl:sld_signaltap_body|sld_signaltap_implb:sld_signaltap_body|sld_buffer_manager:sld_buffer_manager_inst|modified_post_count[6] ; 1       ;
; sld_signaltap:auto_signaltap_0|sld_signaltap_impl:sld_signaltap_body|sld_signaltap_implb:sld_signaltap_body|sld_buffer_manager:sld_buffer_manager_inst|modified_post_count[7] ; 1       ;
; sld_signaltap:auto_signaltap_0|sld_signaltap_impl:sld_signaltap_body|sld_signaltap_implb:sld_signaltap_body|trigger_out_mode_ff                                               ; 2       ;
; sld_signaltap:auto_signaltap_0|sld_signaltap_impl:sld_signaltap_body|sld_signaltap_implb:sld_signaltap_body|sld_buffer_manager:sld_buffer_manager_inst|modified_post_count[0] ; 1       ;
; Total number of inverted registers = 12                                                                                                                                       ;         ;
+-------------------------------------------------------------------------------------------------------------------------------------------------------------------------------+---------+


+--------------------------------------------+
; Registers Added for RAM Pass-Through Logic ;
+-------------------------+------------------+
; Register Name           ; RAM Name         ;
+-------------------------+------------------+
; buffer_rtl_0_bypass[0]  ; buffer_rtl_0     ;
; buffer_rtl_0_bypass[1]  ; buffer_rtl_0     ;
; buffer_rtl_0_bypass[2]  ; buffer_rtl_0     ;
; buffer_rtl_0_bypass[3]  ; buffer_rtl_0     ;
; buffer_rtl_0_bypass[4]  ; buffer_rtl_0     ;
; buffer_rtl_0_bypass[5]  ; buffer_rtl_0     ;
; buffer_rtl_0_bypass[6]  ; buffer_rtl_0     ;
; buffer_rtl_0_bypass[7]  ; buffer_rtl_0     ;
; buffer_rtl_0_bypass[8]  ; buffer_rtl_0     ;
; buffer_rtl_0_bypass[9]  ; buffer_rtl_0     ;
; buffer_rtl_0_bypass[10] ; buffer_rtl_0     ;
; buffer_rtl_0_bypass[11] ; buffer_rtl_0     ;
; buffer_rtl_0_bypass[12] ; buffer_rtl_0     ;
; buffer_rtl_0_bypass[13] ; buffer_rtl_0     ;
; buffer_rtl_0_bypass[14] ; buffer_rtl_0     ;
; buffer_rtl_0_bypass[15] ; buffer_rtl_0     ;
; buffer_rtl_0_bypass[16] ; buffer_rtl_0     ;
; buffer_rtl_0_bypass[17] ; buffer_rtl_0     ;
; buffer_rtl_0_bypass[18] ; buffer_rtl_0     ;
; buffer_rtl_0_bypass[19] ; buffer_rtl_0     ;
; buffer_rtl_0_bypass[20] ; buffer_rtl_0     ;
; buffer_rtl_0_bypass[21] ; buffer_rtl_0     ;
; buffer_rtl_0_bypass[22] ; buffer_rtl_0     ;
; buffer_rtl_0_bypass[23] ; buffer_rtl_0     ;
; buffer_rtl_0_bypass[24] ; buffer_rtl_0     ;
; buffer_rtl_0_bypass[25] ; buffer_rtl_0     ;
; buffer_rtl_0_bypass[26] ; buffer_rtl_0     ;
; buffer_rtl_0_bypass[27] ; buffer_rtl_0     ;
; buffer_rtl_0_bypass[28] ; buffer_rtl_0     ;
; buffer_rtl_0_bypass[29] ; buffer_rtl_0     ;
; buffer_rtl_0_bypass[30] ; buffer_rtl_0     ;
; buffer_rtl_0_bypass[31] ; buffer_rtl_0     ;
; buffer_rtl_0_bypass[32] ; buffer_rtl_0     ;
; buffer_rtl_0_bypass[33] ; buffer_rtl_0     ;
; buffer_rtl_0_bypass[34] ; buffer_rtl_0     ;
; buffer_rtl_0_bypass[35] ; buffer_rtl_0     ;
; buffer_rtl_0_bypass[36] ; buffer_rtl_0     ;
; buffer_rtl_0_bypass[37] ; buffer_rtl_0     ;
; buffer_rtl_0_bypass[38] ; buffer_rtl_0     ;
; buffer_rtl_0_bypass[39] ; buffer_rtl_0     ;
; buffer_rtl_0_bypass[40] ; buffer_rtl_0     ;
; buffer_rtl_0_bypass[41] ; buffer_rtl_0     ;
; buffer_rtl_0_bypass[42] ; buffer_rtl_0     ;
; buffer_rtl_0_bypass[43] ; buffer_rtl_0     ;
; buffer_rtl_0_bypass[44] ; buffer_rtl_0     ;
; buffer_rtl_0_bypass[45] ; buffer_rtl_0     ;
; buffer_rtl_0_bypass[46] ; buffer_rtl_0     ;
; buffer_rtl_0_bypass[47] ; buffer_rtl_0     ;
; buffer_rtl_0_bypass[48] ; buffer_rtl_0     ;
+-------------------------+------------------+


+---------------------------------------------------------------------------------------------------------------------------------------------------------------------------------------------------------------------------+
; Multiplexer Restructuring Statistics (Restructuring Performed)                                                                                                                                                            ;
+--------------------+-----------+---------------+----------------------+------------------------+------------+-------------------------------------------------------------------------------------------------------------+
; Multiplexer Inputs ; Bus Width ; Baseline Area ; Area if Restructured ; Saving if Restructured ; Registered ; Example Multiplexer Output                                                                                  ;
+--------------------+-----------+---------------+----------------------+------------------------+------------+-------------------------------------------------------------------------------------------------------------+
; 3:1                ; 32 bits   ; 64 LEs        ; 64 LEs               ; 0 LEs                  ; No         ; |FIFO|buffer                                                                                                ;
; 3:1                ; 4 bits    ; 8 LEs         ; 4 LEs                ; 4 LEs                  ; Yes        ; |FIFO|sld_hub:auto_hub|sld_jtag_hub:\jtag_hub_gen:sld_jtag_hub_inst|hub_minor_ver_reg[0]                    ;
; 4:1                ; 5 bits    ; 10 LEs        ; 5 LEs                ; 5 LEs                  ; Yes        ; |FIFO|sld_hub:auto_hub|sld_jtag_hub:\jtag_hub_gen:sld_jtag_hub_inst|mixer_addr_reg[4]                       ;
; 5:1                ; 5 bits    ; 15 LEs        ; 5 LEs                ; 10 LEs                 ; Yes        ; |FIFO|sld_hub:auto_hub|sld_jtag_hub:\jtag_hub_gen:sld_jtag_hub_inst|sld_rom_sr:hub_info_reg|word_counter[0] ;
; 6:1                ; 7 bits    ; 28 LEs        ; 7 LEs                ; 21 LEs                 ; Yes        ; |FIFO|sld_hub:auto_hub|sld_jtag_hub:\jtag_hub_gen:sld_jtag_hub_inst|irsr_reg[2]                             ;
; 34:1               ; 4 bits    ; 88 LEs        ; 56 LEs               ; 32 LEs                 ; Yes        ; |FIFO|sld_hub:auto_hub|sld_jtag_hub:\jtag_hub_gen:sld_jtag_hub_inst|design_hash_reg[3]                      ;
; 20:1               ; 4 bits    ; 52 LEs        ; 36 LEs               ; 16 LEs                 ; Yes        ; |FIFO|sld_hub:auto_hub|sld_jtag_hub:\jtag_hub_gen:sld_jtag_hub_inst|sld_rom_sr:hub_info_reg|WORD_SR[0]      ;
+--------------------+-----------+---------------+----------------------+------------------------+------------+-------------------------------------------------------------------------------------------------------------+


+-------------------------------------------------------------------------------+
; Source assignments for altsyncram:buffer_rtl_0|altsyncram_1rd1:auto_generated ;
+---------------------------------+--------------------+------+-----------------+
; Assignment                      ; Value              ; From ; To              ;
+---------------------------------+--------------------+------+-----------------+
; OPTIMIZE_POWER_DURING_SYNTHESIS ; NORMAL_COMPILATION ; -    ; -               ;
+---------------------------------+--------------------+------+-----------------+


+------------------------------------------------------------------------------------------------------------------------------------------------------------------------------------------------------------------------------------------------------------------------------------------------------------------------------------------------------------------------------------------------------------------------------------------------------------------------------------------------------------------------------------------------------------------------------------------------------------------------------------------------------------------------------------------------------------------+
; Parameter Settings for Inferred Entity Instance: sld_signaltap:auto_signaltap_0                                                                                                                                                                                                                                                                                                                                                                                                                                                                                                                                                                                                                                  ;
+-------------------------------------------------+-----------------------------------------------------------------------------------------------------------------------------------------------------------------------------------------------------------------------------------------------------------------------------------------------------------------------------------------------------------------------------------------------------------------------------------------------------------------------------------------------------------------------------------------------------------------------------------------------------------------------------------------------+----------------+
; Parameter Name                                  ; Value                                                                                                                                                                                                                                                                                                                                                                                                                                                                                                                                                                                                                                         ; Type           ;
+-------------------------------------------------+-----------------------------------------------------------------------------------------------------------------------------------------------------------------------------------------------------------------------------------------------------------------------------------------------------------------------------------------------------------------------------------------------------------------------------------------------------------------------------------------------------------------------------------------------------------------------------------------------------------------------------------------------+----------------+
; lpm_type                                        ; sld_signaltap                                                                                                                                                                                                                                                                                                                                                                                                                                                                                                                                                                                                                                 ; String         ;
; sld_node_info                                   ; 805334528                                                                                                                                                                                                                                                                                                                                                                                                                                                                                                                                                                                                                                     ; Untyped        ;
; SLD_IP_VERSION                                  ; 6                                                                                                                                                                                                                                                                                                                                                                                                                                                                                                                                                                                                                                             ; Signed Integer ;
; SLD_IP_MINOR_VERSION                            ; 0                                                                                                                                                                                                                                                                                                                                                                                                                                                                                                                                                                                                                                             ; Signed Integer ;
; SLD_COMMON_IP_VERSION                           ; 0                                                                                                                                                                                                                                                                                                                                                                                                                                                                                                                                                                                                                                             ; Signed Integer ;
; sld_data_bits                                   ; 200                                                                                                                                                                                                                                                                                                                                                                                                                                                                                                                                                                                                                                           ; Untyped        ;
; sld_trigger_bits                                ; 200                                                                                                                                                                                                                                                                                                                                                                                                                                                                                                                                                                                                                                           ; Untyped        ;
; SLD_NODE_CRC_BITS                               ; 32                                                                                                                                                                                                                                                                                                                                                                                                                                                                                                                                                                                                                                            ; Signed Integer ;
; sld_node_crc_hiword                             ; 65359                                                                                                                                                                                                                                                                                                                                                                                                                                                                                                                                                                                                                                         ; Untyped        ;
; sld_node_crc_loword                             ; 16187                                                                                                                                                                                                                                                                                                                                                                                                                                                                                                                                                                                                                                         ; Untyped        ;
; SLD_INCREMENTAL_ROUTING                         ; 0                                                                                                                                                                                                                                                                                                                                                                                                                                                                                                                                                                                                                                             ; Signed Integer ;
; sld_sample_depth                                ; 128                                                                                                                                                                                                                                                                                                                                                                                                                                                                                                                                                                                                                                           ; Untyped        ;
; sld_segment_size                                ; 128                                                                                                                                                                                                                                                                                                                                                                                                                                                                                                                                                                                                                                           ; Untyped        ;
; SLD_RAM_BLOCK_TYPE                              ; AUTO                                                                                                                                                                                                                                                                                                                                                                                                                                                                                                                                                                                                                                          ; String         ;
; sld_state_bits                                  ; 11                                                                                                                                                                                                                                                                                                                                                                                                                                                                                                                                                                                                                                            ; Untyped        ;
; sld_buffer_full_stop                            ; 1                                                                                                                                                                                                                                                                                                                                                                                                                                                                                                                                                                                                                                             ; Untyped        ;
; SLD_MEM_ADDRESS_BITS                            ; 7                                                                                                                                                                                                                                                                                                                                                                                                                                                                                                                                                                                                                                             ; Signed Integer ;
; SLD_DATA_BIT_CNTR_BITS                          ; 4                                                                                                                                                                                                                                                                                                                                                                                                                                                                                                                                                                                                                                             ; Signed Integer ;
; sld_trigger_level                               ; 1                                                                                                                                                                                                                                                                                                                                                                                                                                                                                                                                                                                                                                             ; Untyped        ;
; sld_trigger_in_enabled                          ; 0                                                                                                                                                                                                                                                                                                                                                                                                                                                                                                                                                                                                                                             ; Untyped        ;
; SLD_HPS_TRIGGER_IN_ENABLED                      ; 0                                                                                                                                                                                                                                                                                                                                                                                                                                                                                                                                                                                                                                             ; Signed Integer ;
; SLD_HPS_TRIGGER_OUT_ENABLED                     ; 0                                                                                                                                                                                                                                                                                                                                                                                                                                                                                                                                                                                                                                             ; Signed Integer ;
; SLD_HPS_EVENT_ENABLED                           ; 0                                                                                                                                                                                                                                                                                                                                                                                                                                                                                                                                                                                                                                             ; Signed Integer ;
; SLD_HPS_EVENT_ID                                ; 0                                                                                                                                                                                                                                                                                                                                                                                                                                                                                                                                                                                                                                             ; Signed Integer ;
; sld_advanced_trigger_entity                     ; basic,1,                                                                                                                                                                                                                                                                                                                                                                                                                                                                                                                                                                                                                                      ; Untyped        ;
; sld_trigger_level_pipeline                      ; 1                                                                                                                                                                                                                                                                                                                                                                                                                                                                                                                                                                                                                                             ; Untyped        ;
; sld_enable_advanced_trigger                     ; 0                                                                                                                                                                                                                                                                                                                                                                                                                                                                                                                                                                                                                                             ; Untyped        ;
; SLD_ADVANCED_TRIGGER_1                          ; NONE                                                                                                                                                                                                                                                                                                                                                                                                                                                                                                                                                                                                                                          ; String         ;
; SLD_ADVANCED_TRIGGER_2                          ; NONE                                                                                                                                                                                                                                                                                                                                                                                                                                                                                                                                                                                                                                          ; String         ;
; SLD_ADVANCED_TRIGGER_3                          ; NONE                                                                                                                                                                                                                                                                                                                                                                                                                                                                                                                                                                                                                                          ; String         ;
; SLD_ADVANCED_TRIGGER_4                          ; NONE                                                                                                                                                                                                                                                                                                                                                                                                                                                                                                                                                                                                                                          ; String         ;
; SLD_ADVANCED_TRIGGER_5                          ; NONE                                                                                                                                                                                                                                                                                                                                                                                                                                                                                                                                                                                                                                          ; String         ;
; SLD_ADVANCED_TRIGGER_6                          ; NONE                                                                                                                                                                                                                                                                                                                                                                                                                                                                                                                                                                                                                                          ; String         ;
; SLD_ADVANCED_TRIGGER_7                          ; NONE                                                                                                                                                                                                                                                                                                                                                                                                                                                                                                                                                                                                                                          ; String         ;
; SLD_ADVANCED_TRIGGER_8                          ; NONE                                                                                                                                                                                                                                                                                                                                                                                                                                                                                                                                                                                                                                          ; String         ;
; SLD_ADVANCED_TRIGGER_9                          ; NONE                                                                                                                                                                                                                                                                                                                                                                                                                                                                                                                                                                                                                                          ; String         ;
; SLD_ADVANCED_TRIGGER_10                         ; NONE                                                                                                                                                                                                                                                                                                                                                                                                                                                                                                                                                                                                                                          ; String         ;
; sld_inversion_mask_length                       ; 621                                                                                                                                                                                                                                                                                                                                                                                                                                                                                                                                                                                                                                           ; Untyped        ;
; sld_inversion_mask                              ; 000000000000000000000000000000000000000000000000000000000000000000000000000000000000000000000000000000000000000000000000000000000000000000000000000000000000000000000000000000000000000000000000000000000000000000000000000000000000000000000000000000000000000000000000000000000000000000000000000000000000000000000000000000000000000000000000000000000000000000000000000000000000000000000000000000000000000000000000000000000000000000000000000000000000000000000000000000000000000000000000000000000000000000000000000000000000000000000000000000000000000000000000000000000000000000000000000000000000000000000000000000000000000000000 ; Untyped        ;
; sld_power_up_trigger                            ; 0                                                                                                                                                                                                                                                                                                                                                                                                                                                                                                                                                                                                                                             ; Untyped        ;
; SLD_STATE_FLOW_MGR_ENTITY                       ; state_flow_mgr_entity.vhd                                                                                                                                                                                                                                                                                                                                                                                                                                                                                                                                                                                                                     ; String         ;
; sld_state_flow_use_generated                    ; 0                                                                                                                                                                                                                                                                                                                                                                                                                                                                                                                                                                                                                                             ; Untyped        ;
; sld_current_resource_width                      ; 1                                                                                                                                                                                                                                                                                                                                                                                                                                                                                                                                                                                                                                             ; Untyped        ;
; sld_attribute_mem_mode                          ; OFF                                                                                                                                                                                                                                                                                                                                                                                                                                                                                                                                                                                                                                           ; Untyped        ;
; SLD_STORAGE_QUALIFIER_BITS                      ; 1                                                                                                                                                                                                                                                                                                                                                                                                                                                                                                                                                                                                                                             ; Signed Integer ;
; SLD_STORAGE_QUALIFIER_GAP_RECORD                ; 0                                                                                                                                                                                                                                                                                                                                                                                                                                                                                                                                                                                                                                             ; Signed Integer ;
; SLD_STORAGE_QUALIFIER_MODE                      ; OFF                                                                                                                                                                                                                                                                                                                                                                                                                                                                                                                                                                                                                                           ; String         ;
; SLD_STORAGE_QUALIFIER_ENABLE_ADVANCED_CONDITION ; 0                                                                                                                                                                                                                                                                                                                                                                                                                                                                                                                                                                                                                                             ; Signed Integer ;
; sld_storage_qualifier_inversion_mask_length     ; 0                                                                                                                                                                                                                                                                                                                                                                                                                                                                                                                                                                                                                                             ; Untyped        ;
; SLD_STORAGE_QUALIFIER_ADVANCED_CONDITION_ENTITY ; basic                                                                                                                                                                                                                                                                                                                                                                                                                                                                                                                                                                                                                                         ; String         ;
; SLD_STORAGE_QUALIFIER_PIPELINE                  ; 0                                                                                                                                                                                                                                                                                                                                                                                                                                                                                                                                                                                                                                             ; Signed Integer ;
+-------------------------------------------------+-----------------------------------------------------------------------------------------------------------------------------------------------------------------------------------------------------------------------------------------------------------------------------------------------------------------------------------------------------------------------------------------------------------------------------------------------------------------------------------------------------------------------------------------------------------------------------------------------------------------------------------------------+----------------+
Note: In order to hide this table in the UI and the text report file, please set the "Show Parameter Settings in Synthesis Report" option in "Analysis and Synthesis Settings -> More Settings" to "Off".


+----------------------------------------------------------------------------+
; Parameter Settings for Inferred Entity Instance: altsyncram:buffer_rtl_0   ;
+------------------------------------+----------------------+----------------+
; Parameter Name                     ; Value                ; Type           ;
+------------------------------------+----------------------+----------------+
; BYTE_SIZE_BLOCK                    ; 8                    ; Untyped        ;
; AUTO_CARRY_CHAINS                  ; ON                   ; AUTO_CARRY     ;
; IGNORE_CARRY_BUFFERS               ; OFF                  ; IGNORE_CARRY   ;
; AUTO_CASCADE_CHAINS                ; ON                   ; AUTO_CASCADE   ;
; IGNORE_CASCADE_BUFFERS             ; OFF                  ; IGNORE_CASCADE ;
; WIDTH_BYTEENA                      ; 1                    ; Untyped        ;
; OPERATION_MODE                     ; DUAL_PORT            ; Untyped        ;
; WIDTH_A                            ; 32                   ; Untyped        ;
; WIDTHAD_A                          ; 8                    ; Untyped        ;
; NUMWORDS_A                         ; 256                  ; Untyped        ;
; OUTDATA_REG_A                      ; UNREGISTERED         ; Untyped        ;
; ADDRESS_ACLR_A                     ; NONE                 ; Untyped        ;
; OUTDATA_ACLR_A                     ; NONE                 ; Untyped        ;
; WRCONTROL_ACLR_A                   ; NONE                 ; Untyped        ;
; INDATA_ACLR_A                      ; NONE                 ; Untyped        ;
; BYTEENA_ACLR_A                     ; NONE                 ; Untyped        ;
; WIDTH_B                            ; 32                   ; Untyped        ;
; WIDTHAD_B                          ; 8                    ; Untyped        ;
; NUMWORDS_B                         ; 256                  ; Untyped        ;
; INDATA_REG_B                       ; CLOCK1               ; Untyped        ;
; WRCONTROL_WRADDRESS_REG_B          ; CLOCK1               ; Untyped        ;
; RDCONTROL_REG_B                    ; CLOCK1               ; Untyped        ;
; ADDRESS_REG_B                      ; CLOCK0               ; Untyped        ;
; OUTDATA_REG_B                      ; UNREGISTERED         ; Untyped        ;
; BYTEENA_REG_B                      ; CLOCK1               ; Untyped        ;
; INDATA_ACLR_B                      ; NONE                 ; Untyped        ;
; WRCONTROL_ACLR_B                   ; NONE                 ; Untyped        ;
; ADDRESS_ACLR_B                     ; NONE                 ; Untyped        ;
; OUTDATA_ACLR_B                     ; NONE                 ; Untyped        ;
; RDCONTROL_ACLR_B                   ; NONE                 ; Untyped        ;
; BYTEENA_ACLR_B                     ; NONE                 ; Untyped        ;
; WIDTH_BYTEENA_A                    ; 1                    ; Untyped        ;
; WIDTH_BYTEENA_B                    ; 1                    ; Untyped        ;
; RAM_BLOCK_TYPE                     ; AUTO                 ; Untyped        ;
; BYTE_SIZE                          ; 8                    ; Untyped        ;
; READ_DURING_WRITE_MODE_MIXED_PORTS ; DONT_CARE            ; Untyped        ;
; READ_DURING_WRITE_MODE_PORT_A      ; NEW_DATA_NO_NBE_READ ; Untyped        ;
; READ_DURING_WRITE_MODE_PORT_B      ; NEW_DATA_NO_NBE_READ ; Untyped        ;
; INIT_FILE                          ; UNUSED               ; Untyped        ;
; INIT_FILE_LAYOUT                   ; PORT_A               ; Untyped        ;
; MAXIMUM_DEPTH                      ; 0                    ; Untyped        ;
; CLOCK_ENABLE_INPUT_A               ; NORMAL               ; Untyped        ;
; CLOCK_ENABLE_INPUT_B               ; NORMAL               ; Untyped        ;
; CLOCK_ENABLE_OUTPUT_A              ; NORMAL               ; Untyped        ;
; CLOCK_ENABLE_OUTPUT_B              ; NORMAL               ; Untyped        ;
; CLOCK_ENABLE_CORE_A                ; USE_INPUT_CLKEN      ; Untyped        ;
; CLOCK_ENABLE_CORE_B                ; USE_INPUT_CLKEN      ; Untyped        ;
; ENABLE_ECC                         ; FALSE                ; Untyped        ;
; ECC_PIPELINE_STAGE_ENABLED         ; FALSE                ; Untyped        ;
; WIDTH_ECCSTATUS                    ; 3                    ; Untyped        ;
; DEVICE_FAMILY                      ; Cyclone II           ; Untyped        ;
; CBXI_PARAMETER                     ; altsyncram_1rd1      ; Untyped        ;
+------------------------------------+----------------------+----------------+
Note: In order to hide this table in the UI and the text report file, please set the "Show Parameter Settings in Synthesis Report" option in "Analysis and Synthesis Settings -> More Settings" to "Off".


+---------------------------------------------------------------------+
; altsyncram Parameter Settings by Entity Instance                    ;
+-------------------------------------------+-------------------------+
; Name                                      ; Value                   ;
+-------------------------------------------+-------------------------+
; Number of entity instances                ; 1                       ;
; Entity Instance                           ; altsyncram:buffer_rtl_0 ;
;     -- OPERATION_MODE                     ; DUAL_PORT               ;
;     -- WIDTH_A                            ; 32                      ;
;     -- NUMWORDS_A                         ; 256                     ;
;     -- OUTDATA_REG_A                      ; UNREGISTERED            ;
;     -- WIDTH_B                            ; 32                      ;
;     -- NUMWORDS_B                         ; 256                     ;
;     -- ADDRESS_REG_B                      ; CLOCK0                  ;
;     -- OUTDATA_REG_B                      ; UNREGISTERED            ;
;     -- RAM_BLOCK_TYPE                     ; AUTO                    ;
;     -- READ_DURING_WRITE_MODE_MIXED_PORTS ; DONT_CARE               ;
+-------------------------------------------+-------------------------+


+-------------------------------------------------------------------------------------------------------------------------------------------------------------------------------------------------------------------------------------------------------------------------+
; SignalTap II Logic Analyzer Settings                                                                                                                                                                                                                                    ;
+----------------+------------------+---------------------+------------------+--------------+----------+------------------------+----------------------+--------------------+-----------------------------+-----------------+------------------+--------------------------+
; Instance Index ; Instance Name    ; Trigger Input Width ; Data Input Width ; Sample Depth ; Segments ; Storage Qualifier Type ; Trigger Flow Control ; Trigger Conditions ; Advanced Trigger Conditions ; Trigger In Used ; Trigger Out Used ; Power-Up Trigger Enabled ;
+----------------+------------------+---------------------+------------------+--------------+----------+------------------------+----------------------+--------------------+-----------------------------+-----------------+------------------+--------------------------+
; 0              ; auto_signaltap_0 ; 200                 ; 200              ; 128          ; 1        ; continuous             ; sequential           ; 1                  ; 0                           ; no              ; no               ; no                       ;
+----------------+------------------+---------------------+------------------+--------------+----------+------------------------+----------------------+--------------------+-----------------------------+-----------------+------------------+--------------------------+


+---------------------------------+
; Elapsed Time Per Partition      ;
+------------------+--------------+
; Partition Name   ; Elapsed Time ;
+------------------+--------------+
; sld_hub:auto_hub ; 00:00:00     ;
; Top              ; 00:00:00     ;
+------------------+--------------+


+-------------------------------------------------------------------------------------------------------------------------------------------------------------------------------------------------------------------------------------------------------------------------------------------------------------------------+
; Connections to In-System Debugging Instance "auto_signaltap_0"                                                                                                                                                                                                                                                          ;
+---------------------------------------------------------------------+---------------+---------+----------------+-------------------+-------------------+----------------------------------------------------------------------------------------------------------------------------------------------------------------+
; Name                                                                ; Type          ; Status  ; Partition Name ; Netlist Type Used ; Actual Connection ; Details                                                                                                                                                        ;
+---------------------------------------------------------------------+---------------+---------+----------------+-------------------+-------------------+----------------------------------------------------------------------------------------------------------------------------------------------------------------+
; CLOCK_50                                                            ; pre-synthesis ; missing ; Top            ; post-synthesis    ; GND               ; The name does not exist in your design or refers to an invalid hierarchy or bus element.  You may have modified your design after creating the debug instance. ;
; System:u0|DMAFinal:dma_0|control_slave:control|control[0]           ; pre-synthesis ; missing ; Top            ; post-synthesis    ; GND               ; The name does not exist in your design or refers to an invalid hierarchy or bus element.  You may have modified your design after creating the debug instance. ;
; System:u0|DMAFinal:dma_0|control_slave:control|control[0]           ; pre-synthesis ; missing ; Top            ; post-synthesis    ; GND               ; The name does not exist in your design or refers to an invalid hierarchy or bus element.  You may have modified your design after creating the debug instance. ;
; System:u0|DMAFinal:dma_0|control_slave:control|control[10]          ; pre-synthesis ; missing ; Top            ; post-synthesis    ; GND               ; The name does not exist in your design or refers to an invalid hierarchy or bus element.  You may have modified your design after creating the debug instance. ;
; System:u0|DMAFinal:dma_0|control_slave:control|control[10]          ; pre-synthesis ; missing ; Top            ; post-synthesis    ; GND               ; The name does not exist in your design or refers to an invalid hierarchy or bus element.  You may have modified your design after creating the debug instance. ;
; System:u0|DMAFinal:dma_0|control_slave:control|control[11]          ; pre-synthesis ; missing ; Top            ; post-synthesis    ; GND               ; The name does not exist in your design or refers to an invalid hierarchy or bus element.  You may have modified your design after creating the debug instance. ;
; System:u0|DMAFinal:dma_0|control_slave:control|control[11]          ; pre-synthesis ; missing ; Top            ; post-synthesis    ; GND               ; The name does not exist in your design or refers to an invalid hierarchy or bus element.  You may have modified your design after creating the debug instance. ;
; System:u0|DMAFinal:dma_0|control_slave:control|control[12]          ; pre-synthesis ; missing ; Top            ; post-synthesis    ; GND               ; The name does not exist in your design or refers to an invalid hierarchy or bus element.  You may have modified your design after creating the debug instance. ;
; System:u0|DMAFinal:dma_0|control_slave:control|control[12]          ; pre-synthesis ; missing ; Top            ; post-synthesis    ; GND               ; The name does not exist in your design or refers to an invalid hierarchy or bus element.  You may have modified your design after creating the debug instance. ;
; System:u0|DMAFinal:dma_0|control_slave:control|control[13]          ; pre-synthesis ; missing ; Top            ; post-synthesis    ; GND               ; The name does not exist in your design or refers to an invalid hierarchy or bus element.  You may have modified your design after creating the debug instance. ;
; System:u0|DMAFinal:dma_0|control_slave:control|control[13]          ; pre-synthesis ; missing ; Top            ; post-synthesis    ; GND               ; The name does not exist in your design or refers to an invalid hierarchy or bus element.  You may have modified your design after creating the debug instance. ;
; System:u0|DMAFinal:dma_0|control_slave:control|control[14]          ; pre-synthesis ; missing ; Top            ; post-synthesis    ; GND               ; The name does not exist in your design or refers to an invalid hierarchy or bus element.  You may have modified your design after creating the debug instance. ;
; System:u0|DMAFinal:dma_0|control_slave:control|control[14]          ; pre-synthesis ; missing ; Top            ; post-synthesis    ; GND               ; The name does not exist in your design or refers to an invalid hierarchy or bus element.  You may have modified your design after creating the debug instance. ;
; System:u0|DMAFinal:dma_0|control_slave:control|control[15]          ; pre-synthesis ; missing ; Top            ; post-synthesis    ; GND               ; The name does not exist in your design or refers to an invalid hierarchy or bus element.  You may have modified your design after creating the debug instance. ;
; System:u0|DMAFinal:dma_0|control_slave:control|control[15]          ; pre-synthesis ; missing ; Top            ; post-synthesis    ; GND               ; The name does not exist in your design or refers to an invalid hierarchy or bus element.  You may have modified your design after creating the debug instance. ;
; System:u0|DMAFinal:dma_0|control_slave:control|control[16]          ; pre-synthesis ; missing ; Top            ; post-synthesis    ; GND               ; The name does not exist in your design or refers to an invalid hierarchy or bus element.  You may have modified your design after creating the debug instance. ;
; System:u0|DMAFinal:dma_0|control_slave:control|control[16]          ; pre-synthesis ; missing ; Top            ; post-synthesis    ; GND               ; The name does not exist in your design or refers to an invalid hierarchy or bus element.  You may have modified your design after creating the debug instance. ;
; System:u0|DMAFinal:dma_0|control_slave:control|control[17]          ; pre-synthesis ; missing ; Top            ; post-synthesis    ; GND               ; The name does not exist in your design or refers to an invalid hierarchy or bus element.  You may have modified your design after creating the debug instance. ;
; System:u0|DMAFinal:dma_0|control_slave:control|control[17]          ; pre-synthesis ; missing ; Top            ; post-synthesis    ; GND               ; The name does not exist in your design or refers to an invalid hierarchy or bus element.  You may have modified your design after creating the debug instance. ;
; System:u0|DMAFinal:dma_0|control_slave:control|control[18]          ; pre-synthesis ; missing ; Top            ; post-synthesis    ; GND               ; The name does not exist in your design or refers to an invalid hierarchy or bus element.  You may have modified your design after creating the debug instance. ;
; System:u0|DMAFinal:dma_0|control_slave:control|control[18]          ; pre-synthesis ; missing ; Top            ; post-synthesis    ; GND               ; The name does not exist in your design or refers to an invalid hierarchy or bus element.  You may have modified your design after creating the debug instance. ;
; System:u0|DMAFinal:dma_0|control_slave:control|control[19]          ; pre-synthesis ; missing ; Top            ; post-synthesis    ; GND               ; The name does not exist in your design or refers to an invalid hierarchy or bus element.  You may have modified your design after creating the debug instance. ;
; System:u0|DMAFinal:dma_0|control_slave:control|control[19]          ; pre-synthesis ; missing ; Top            ; post-synthesis    ; GND               ; The name does not exist in your design or refers to an invalid hierarchy or bus element.  You may have modified your design after creating the debug instance. ;
; System:u0|DMAFinal:dma_0|control_slave:control|control[1]           ; pre-synthesis ; missing ; Top            ; post-synthesis    ; GND               ; The name does not exist in your design or refers to an invalid hierarchy or bus element.  You may have modified your design after creating the debug instance. ;
; System:u0|DMAFinal:dma_0|control_slave:control|control[1]           ; pre-synthesis ; missing ; Top            ; post-synthesis    ; GND               ; The name does not exist in your design or refers to an invalid hierarchy or bus element.  You may have modified your design after creating the debug instance. ;
; System:u0|DMAFinal:dma_0|control_slave:control|control[20]          ; pre-synthesis ; missing ; Top            ; post-synthesis    ; GND               ; The name does not exist in your design or refers to an invalid hierarchy or bus element.  You may have modified your design after creating the debug instance. ;
; System:u0|DMAFinal:dma_0|control_slave:control|control[20]          ; pre-synthesis ; missing ; Top            ; post-synthesis    ; GND               ; The name does not exist in your design or refers to an invalid hierarchy or bus element.  You may have modified your design after creating the debug instance. ;
; System:u0|DMAFinal:dma_0|control_slave:control|control[21]          ; pre-synthesis ; missing ; Top            ; post-synthesis    ; GND               ; The name does not exist in your design or refers to an invalid hierarchy or bus element.  You may have modified your design after creating the debug instance. ;
; System:u0|DMAFinal:dma_0|control_slave:control|control[21]          ; pre-synthesis ; missing ; Top            ; post-synthesis    ; GND               ; The name does not exist in your design or refers to an invalid hierarchy or bus element.  You may have modified your design after creating the debug instance. ;
; System:u0|DMAFinal:dma_0|control_slave:control|control[22]          ; pre-synthesis ; missing ; Top            ; post-synthesis    ; GND               ; The name does not exist in your design or refers to an invalid hierarchy or bus element.  You may have modified your design after creating the debug instance. ;
; System:u0|DMAFinal:dma_0|control_slave:control|control[22]          ; pre-synthesis ; missing ; Top            ; post-synthesis    ; GND               ; The name does not exist in your design or refers to an invalid hierarchy or bus element.  You may have modified your design after creating the debug instance. ;
; System:u0|DMAFinal:dma_0|control_slave:control|control[23]          ; pre-synthesis ; missing ; Top            ; post-synthesis    ; GND               ; The name does not exist in your design or refers to an invalid hierarchy or bus element.  You may have modified your design after creating the debug instance. ;
; System:u0|DMAFinal:dma_0|control_slave:control|control[23]          ; pre-synthesis ; missing ; Top            ; post-synthesis    ; GND               ; The name does not exist in your design or refers to an invalid hierarchy or bus element.  You may have modified your design after creating the debug instance. ;
; System:u0|DMAFinal:dma_0|control_slave:control|control[24]          ; pre-synthesis ; missing ; Top            ; post-synthesis    ; GND               ; The name does not exist in your design or refers to an invalid hierarchy or bus element.  You may have modified your design after creating the debug instance. ;
; System:u0|DMAFinal:dma_0|control_slave:control|control[24]          ; pre-synthesis ; missing ; Top            ; post-synthesis    ; GND               ; The name does not exist in your design or refers to an invalid hierarchy or bus element.  You may have modified your design after creating the debug instance. ;
; System:u0|DMAFinal:dma_0|control_slave:control|control[25]          ; pre-synthesis ; missing ; Top            ; post-synthesis    ; GND               ; The name does not exist in your design or refers to an invalid hierarchy or bus element.  You may have modified your design after creating the debug instance. ;
; System:u0|DMAFinal:dma_0|control_slave:control|control[25]          ; pre-synthesis ; missing ; Top            ; post-synthesis    ; GND               ; The name does not exist in your design or refers to an invalid hierarchy or bus element.  You may have modified your design after creating the debug instance. ;
; System:u0|DMAFinal:dma_0|control_slave:control|control[26]          ; pre-synthesis ; missing ; Top            ; post-synthesis    ; GND               ; The name does not exist in your design or refers to an invalid hierarchy or bus element.  You may have modified your design after creating the debug instance. ;
; System:u0|DMAFinal:dma_0|control_slave:control|control[26]          ; pre-synthesis ; missing ; Top            ; post-synthesis    ; GND               ; The name does not exist in your design or refers to an invalid hierarchy or bus element.  You may have modified your design after creating the debug instance. ;
; System:u0|DMAFinal:dma_0|control_slave:control|control[27]          ; pre-synthesis ; missing ; Top            ; post-synthesis    ; GND               ; The name does not exist in your design or refers to an invalid hierarchy or bus element.  You may have modified your design after creating the debug instance. ;
; System:u0|DMAFinal:dma_0|control_slave:control|control[27]          ; pre-synthesis ; missing ; Top            ; post-synthesis    ; GND               ; The name does not exist in your design or refers to an invalid hierarchy or bus element.  You may have modified your design after creating the debug instance. ;
; System:u0|DMAFinal:dma_0|control_slave:control|control[28]          ; pre-synthesis ; missing ; Top            ; post-synthesis    ; GND               ; The name does not exist in your design or refers to an invalid hierarchy or bus element.  You may have modified your design after creating the debug instance. ;
; System:u0|DMAFinal:dma_0|control_slave:control|control[28]          ; pre-synthesis ; missing ; Top            ; post-synthesis    ; GND               ; The name does not exist in your design or refers to an invalid hierarchy or bus element.  You may have modified your design after creating the debug instance. ;
; System:u0|DMAFinal:dma_0|control_slave:control|control[29]          ; pre-synthesis ; missing ; Top            ; post-synthesis    ; GND               ; The name does not exist in your design or refers to an invalid hierarchy or bus element.  You may have modified your design after creating the debug instance. ;
; System:u0|DMAFinal:dma_0|control_slave:control|control[29]          ; pre-synthesis ; missing ; Top            ; post-synthesis    ; GND               ; The name does not exist in your design or refers to an invalid hierarchy or bus element.  You may have modified your design after creating the debug instance. ;
; System:u0|DMAFinal:dma_0|control_slave:control|control[2]           ; pre-synthesis ; missing ; Top            ; post-synthesis    ; GND               ; The name does not exist in your design or refers to an invalid hierarchy or bus element.  You may have modified your design after creating the debug instance. ;
; System:u0|DMAFinal:dma_0|control_slave:control|control[2]           ; pre-synthesis ; missing ; Top            ; post-synthesis    ; GND               ; The name does not exist in your design or refers to an invalid hierarchy or bus element.  You may have modified your design after creating the debug instance. ;
; System:u0|DMAFinal:dma_0|control_slave:control|control[30]          ; pre-synthesis ; missing ; Top            ; post-synthesis    ; GND               ; The name does not exist in your design or refers to an invalid hierarchy or bus element.  You may have modified your design after creating the debug instance. ;
; System:u0|DMAFinal:dma_0|control_slave:control|control[30]          ; pre-synthesis ; missing ; Top            ; post-synthesis    ; GND               ; The name does not exist in your design or refers to an invalid hierarchy or bus element.  You may have modified your design after creating the debug instance. ;
; System:u0|DMAFinal:dma_0|control_slave:control|control[31]          ; pre-synthesis ; missing ; Top            ; post-synthesis    ; GND               ; The name does not exist in your design or refers to an invalid hierarchy or bus element.  You may have modified your design after creating the debug instance. ;
; System:u0|DMAFinal:dma_0|control_slave:control|control[31]          ; pre-synthesis ; missing ; Top            ; post-synthesis    ; GND               ; The name does not exist in your design or refers to an invalid hierarchy or bus element.  You may have modified your design after creating the debug instance. ;
; System:u0|DMAFinal:dma_0|control_slave:control|control[3]           ; pre-synthesis ; missing ; Top            ; post-synthesis    ; GND               ; The name does not exist in your design or refers to an invalid hierarchy or bus element.  You may have modified your design after creating the debug instance. ;
; System:u0|DMAFinal:dma_0|control_slave:control|control[3]           ; pre-synthesis ; missing ; Top            ; post-synthesis    ; GND               ; The name does not exist in your design or refers to an invalid hierarchy or bus element.  You may have modified your design after creating the debug instance. ;
; System:u0|DMAFinal:dma_0|control_slave:control|control[4]           ; pre-synthesis ; missing ; Top            ; post-synthesis    ; GND               ; The name does not exist in your design or refers to an invalid hierarchy or bus element.  You may have modified your design after creating the debug instance. ;
; System:u0|DMAFinal:dma_0|control_slave:control|control[4]           ; pre-synthesis ; missing ; Top            ; post-synthesis    ; GND               ; The name does not exist in your design or refers to an invalid hierarchy or bus element.  You may have modified your design after creating the debug instance. ;
; System:u0|DMAFinal:dma_0|control_slave:control|control[5]           ; pre-synthesis ; missing ; Top            ; post-synthesis    ; GND               ; The name does not exist in your design or refers to an invalid hierarchy or bus element.  You may have modified your design after creating the debug instance. ;
; System:u0|DMAFinal:dma_0|control_slave:control|control[5]           ; pre-synthesis ; missing ; Top            ; post-synthesis    ; GND               ; The name does not exist in your design or refers to an invalid hierarchy or bus element.  You may have modified your design after creating the debug instance. ;
; System:u0|DMAFinal:dma_0|control_slave:control|control[6]           ; pre-synthesis ; missing ; Top            ; post-synthesis    ; GND               ; The name does not exist in your design or refers to an invalid hierarchy or bus element.  You may have modified your design after creating the debug instance. ;
; System:u0|DMAFinal:dma_0|control_slave:control|control[6]           ; pre-synthesis ; missing ; Top            ; post-synthesis    ; GND               ; The name does not exist in your design or refers to an invalid hierarchy or bus element.  You may have modified your design after creating the debug instance. ;
; System:u0|DMAFinal:dma_0|control_slave:control|control[7]           ; pre-synthesis ; missing ; Top            ; post-synthesis    ; GND               ; The name does not exist in your design or refers to an invalid hierarchy or bus element.  You may have modified your design after creating the debug instance. ;
; System:u0|DMAFinal:dma_0|control_slave:control|control[7]           ; pre-synthesis ; missing ; Top            ; post-synthesis    ; GND               ; The name does not exist in your design or refers to an invalid hierarchy or bus element.  You may have modified your design after creating the debug instance. ;
; System:u0|DMAFinal:dma_0|control_slave:control|control[8]           ; pre-synthesis ; missing ; Top            ; post-synthesis    ; GND               ; The name does not exist in your design or refers to an invalid hierarchy or bus element.  You may have modified your design after creating the debug instance. ;
; System:u0|DMAFinal:dma_0|control_slave:control|control[8]           ; pre-synthesis ; missing ; Top            ; post-synthesis    ; GND               ; The name does not exist in your design or refers to an invalid hierarchy or bus element.  You may have modified your design after creating the debug instance. ;
; System:u0|DMAFinal:dma_0|control_slave:control|control[9]           ; pre-synthesis ; missing ; Top            ; post-synthesis    ; GND               ; The name does not exist in your design or refers to an invalid hierarchy or bus element.  You may have modified your design after creating the debug instance. ;
; System:u0|DMAFinal:dma_0|control_slave:control|control[9]           ; pre-synthesis ; missing ; Top            ; post-synthesis    ; GND               ; The name does not exist in your design or refers to an invalid hierarchy or bus element.  You may have modified your design after creating the debug instance. ;
; System:u0|DMAFinal:dma_0|control_slave:control|iAddress[0]          ; pre-synthesis ; missing ; Top            ; post-synthesis    ; GND               ; The name does not exist in your design or refers to an invalid hierarchy or bus element.  You may have modified your design after creating the debug instance. ;
; System:u0|DMAFinal:dma_0|control_slave:control|iAddress[0]          ; pre-synthesis ; missing ; Top            ; post-synthesis    ; GND               ; The name does not exist in your design or refers to an invalid hierarchy or bus element.  You may have modified your design after creating the debug instance. ;
; System:u0|DMAFinal:dma_0|control_slave:control|iAddress[1]          ; pre-synthesis ; missing ; Top            ; post-synthesis    ; GND               ; The name does not exist in your design or refers to an invalid hierarchy or bus element.  You may have modified your design after creating the debug instance. ;
; System:u0|DMAFinal:dma_0|control_slave:control|iAddress[1]          ; pre-synthesis ; missing ; Top            ; post-synthesis    ; GND               ; The name does not exist in your design or refers to an invalid hierarchy or bus element.  You may have modified your design after creating the debug instance. ;
; System:u0|DMAFinal:dma_0|control_slave:control|iAddress[2]          ; pre-synthesis ; missing ; Top            ; post-synthesis    ; GND               ; The name does not exist in your design or refers to an invalid hierarchy or bus element.  You may have modified your design after creating the debug instance. ;
; System:u0|DMAFinal:dma_0|control_slave:control|iAddress[2]          ; pre-synthesis ; missing ; Top            ; post-synthesis    ; GND               ; The name does not exist in your design or refers to an invalid hierarchy or bus element.  You may have modified your design after creating the debug instance. ;
; System:u0|DMAFinal:dma_0|control_slave:control|iChipselect_n        ; pre-synthesis ; missing ; Top            ; post-synthesis    ; GND               ; The name does not exist in your design or refers to an invalid hierarchy or bus element.  You may have modified your design after creating the debug instance. ;
; System:u0|DMAFinal:dma_0|control_slave:control|iChipselect_n        ; pre-synthesis ; missing ; Top            ; post-synthesis    ; GND               ; The name does not exist in your design or refers to an invalid hierarchy or bus element.  You may have modified your design after creating the debug instance. ;
; System:u0|DMAFinal:dma_0|control_slave:control|iMW_done             ; pre-synthesis ; missing ; Top            ; post-synthesis    ; GND               ; The name does not exist in your design or refers to an invalid hierarchy or bus element.  You may have modified your design after creating the debug instance. ;
; System:u0|DMAFinal:dma_0|control_slave:control|iMW_done             ; pre-synthesis ; missing ; Top            ; post-synthesis    ; GND               ; The name does not exist in your design or refers to an invalid hierarchy or bus element.  You may have modified your design after creating the debug instance. ;
; System:u0|DMAFinal:dma_0|control_slave:control|iRead                ; pre-synthesis ; missing ; Top            ; post-synthesis    ; GND               ; The name does not exist in your design or refers to an invalid hierarchy or bus element.  You may have modified your design after creating the debug instance. ;
; System:u0|DMAFinal:dma_0|control_slave:control|iRead                ; pre-synthesis ; missing ; Top            ; post-synthesis    ; GND               ; The name does not exist in your design or refers to an invalid hierarchy or bus element.  You may have modified your design after creating the debug instance. ;
; System:u0|DMAFinal:dma_0|control_slave:control|iWrite               ; pre-synthesis ; missing ; Top            ; post-synthesis    ; GND               ; The name does not exist in your design or refers to an invalid hierarchy or bus element.  You may have modified your design after creating the debug instance. ;
; System:u0|DMAFinal:dma_0|control_slave:control|iWrite               ; pre-synthesis ; missing ; Top            ; post-synthesis    ; GND               ; The name does not exist in your design or refers to an invalid hierarchy or bus element.  You may have modified your design after creating the debug instance. ;
; System:u0|DMAFinal:dma_0|control_slave:control|iWritedata[0]        ; pre-synthesis ; missing ; Top            ; post-synthesis    ; GND               ; The name does not exist in your design or refers to an invalid hierarchy or bus element.  You may have modified your design after creating the debug instance. ;
; System:u0|DMAFinal:dma_0|control_slave:control|iWritedata[0]        ; pre-synthesis ; missing ; Top            ; post-synthesis    ; GND               ; The name does not exist in your design or refers to an invalid hierarchy or bus element.  You may have modified your design after creating the debug instance. ;
; System:u0|DMAFinal:dma_0|control_slave:control|iWritedata[10]       ; pre-synthesis ; missing ; Top            ; post-synthesis    ; GND               ; The name does not exist in your design or refers to an invalid hierarchy or bus element.  You may have modified your design after creating the debug instance. ;
; System:u0|DMAFinal:dma_0|control_slave:control|iWritedata[10]       ; pre-synthesis ; missing ; Top            ; post-synthesis    ; GND               ; The name does not exist in your design or refers to an invalid hierarchy or bus element.  You may have modified your design after creating the debug instance. ;
; System:u0|DMAFinal:dma_0|control_slave:control|iWritedata[11]       ; pre-synthesis ; missing ; Top            ; post-synthesis    ; GND               ; The name does not exist in your design or refers to an invalid hierarchy or bus element.  You may have modified your design after creating the debug instance. ;
; System:u0|DMAFinal:dma_0|control_slave:control|iWritedata[11]       ; pre-synthesis ; missing ; Top            ; post-synthesis    ; GND               ; The name does not exist in your design or refers to an invalid hierarchy or bus element.  You may have modified your design after creating the debug instance. ;
; System:u0|DMAFinal:dma_0|control_slave:control|iWritedata[12]       ; pre-synthesis ; missing ; Top            ; post-synthesis    ; GND               ; The name does not exist in your design or refers to an invalid hierarchy or bus element.  You may have modified your design after creating the debug instance. ;
; System:u0|DMAFinal:dma_0|control_slave:control|iWritedata[12]       ; pre-synthesis ; missing ; Top            ; post-synthesis    ; GND               ; The name does not exist in your design or refers to an invalid hierarchy or bus element.  You may have modified your design after creating the debug instance. ;
; System:u0|DMAFinal:dma_0|control_slave:control|iWritedata[13]       ; pre-synthesis ; missing ; Top            ; post-synthesis    ; GND               ; The name does not exist in your design or refers to an invalid hierarchy or bus element.  You may have modified your design after creating the debug instance. ;
; System:u0|DMAFinal:dma_0|control_slave:control|iWritedata[13]       ; pre-synthesis ; missing ; Top            ; post-synthesis    ; GND               ; The name does not exist in your design or refers to an invalid hierarchy or bus element.  You may have modified your design after creating the debug instance. ;
; System:u0|DMAFinal:dma_0|control_slave:control|iWritedata[14]       ; pre-synthesis ; missing ; Top            ; post-synthesis    ; GND               ; The name does not exist in your design or refers to an invalid hierarchy or bus element.  You may have modified your design after creating the debug instance. ;
; System:u0|DMAFinal:dma_0|control_slave:control|iWritedata[14]       ; pre-synthesis ; missing ; Top            ; post-synthesis    ; GND               ; The name does not exist in your design or refers to an invalid hierarchy or bus element.  You may have modified your design after creating the debug instance. ;
; System:u0|DMAFinal:dma_0|control_slave:control|iWritedata[15]       ; pre-synthesis ; missing ; Top            ; post-synthesis    ; GND               ; The name does not exist in your design or refers to an invalid hierarchy or bus element.  You may have modified your design after creating the debug instance. ;
; System:u0|DMAFinal:dma_0|control_slave:control|iWritedata[15]       ; pre-synthesis ; missing ; Top            ; post-synthesis    ; GND               ; The name does not exist in your design or refers to an invalid hierarchy or bus element.  You may have modified your design after creating the debug instance. ;
; System:u0|DMAFinal:dma_0|control_slave:control|iWritedata[16]       ; pre-synthesis ; missing ; Top            ; post-synthesis    ; GND               ; The name does not exist in your design or refers to an invalid hierarchy or bus element.  You may have modified your design after creating the debug instance. ;
; System:u0|DMAFinal:dma_0|control_slave:control|iWritedata[16]       ; pre-synthesis ; missing ; Top            ; post-synthesis    ; GND               ; The name does not exist in your design or refers to an invalid hierarchy or bus element.  You may have modified your design after creating the debug instance. ;
; System:u0|DMAFinal:dma_0|control_slave:control|iWritedata[17]       ; pre-synthesis ; missing ; Top            ; post-synthesis    ; GND               ; The name does not exist in your design or refers to an invalid hierarchy or bus element.  You may have modified your design after creating the debug instance. ;
; System:u0|DMAFinal:dma_0|control_slave:control|iWritedata[17]       ; pre-synthesis ; missing ; Top            ; post-synthesis    ; GND               ; The name does not exist in your design or refers to an invalid hierarchy or bus element.  You may have modified your design after creating the debug instance. ;
; System:u0|DMAFinal:dma_0|control_slave:control|iWritedata[18]       ; pre-synthesis ; missing ; Top            ; post-synthesis    ; GND               ; The name does not exist in your design or refers to an invalid hierarchy or bus element.  You may have modified your design after creating the debug instance. ;
; System:u0|DMAFinal:dma_0|control_slave:control|iWritedata[18]       ; pre-synthesis ; missing ; Top            ; post-synthesis    ; GND               ; The name does not exist in your design or refers to an invalid hierarchy or bus element.  You may have modified your design after creating the debug instance. ;
; System:u0|DMAFinal:dma_0|control_slave:control|iWritedata[19]       ; pre-synthesis ; missing ; Top            ; post-synthesis    ; GND               ; The name does not exist in your design or refers to an invalid hierarchy or bus element.  You may have modified your design after creating the debug instance. ;
; System:u0|DMAFinal:dma_0|control_slave:control|iWritedata[19]       ; pre-synthesis ; missing ; Top            ; post-synthesis    ; GND               ; The name does not exist in your design or refers to an invalid hierarchy or bus element.  You may have modified your design after creating the debug instance. ;
; System:u0|DMAFinal:dma_0|control_slave:control|iWritedata[1]        ; pre-synthesis ; missing ; Top            ; post-synthesis    ; GND               ; The name does not exist in your design or refers to an invalid hierarchy or bus element.  You may have modified your design after creating the debug instance. ;
; System:u0|DMAFinal:dma_0|control_slave:control|iWritedata[1]        ; pre-synthesis ; missing ; Top            ; post-synthesis    ; GND               ; The name does not exist in your design or refers to an invalid hierarchy or bus element.  You may have modified your design after creating the debug instance. ;
; System:u0|DMAFinal:dma_0|control_slave:control|iWritedata[20]       ; pre-synthesis ; missing ; Top            ; post-synthesis    ; GND               ; The name does not exist in your design or refers to an invalid hierarchy or bus element.  You may have modified your design after creating the debug instance. ;
; System:u0|DMAFinal:dma_0|control_slave:control|iWritedata[20]       ; pre-synthesis ; missing ; Top            ; post-synthesis    ; GND               ; The name does not exist in your design or refers to an invalid hierarchy or bus element.  You may have modified your design after creating the debug instance. ;
; System:u0|DMAFinal:dma_0|control_slave:control|iWritedata[21]       ; pre-synthesis ; missing ; Top            ; post-synthesis    ; GND               ; The name does not exist in your design or refers to an invalid hierarchy or bus element.  You may have modified your design after creating the debug instance. ;
; System:u0|DMAFinal:dma_0|control_slave:control|iWritedata[21]       ; pre-synthesis ; missing ; Top            ; post-synthesis    ; GND               ; The name does not exist in your design or refers to an invalid hierarchy or bus element.  You may have modified your design after creating the debug instance. ;
; System:u0|DMAFinal:dma_0|control_slave:control|iWritedata[22]       ; pre-synthesis ; missing ; Top            ; post-synthesis    ; GND               ; The name does not exist in your design or refers to an invalid hierarchy or bus element.  You may have modified your design after creating the debug instance. ;
; System:u0|DMAFinal:dma_0|control_slave:control|iWritedata[22]       ; pre-synthesis ; missing ; Top            ; post-synthesis    ; GND               ; The name does not exist in your design or refers to an invalid hierarchy or bus element.  You may have modified your design after creating the debug instance. ;
; System:u0|DMAFinal:dma_0|control_slave:control|iWritedata[23]       ; pre-synthesis ; missing ; Top            ; post-synthesis    ; GND               ; The name does not exist in your design or refers to an invalid hierarchy or bus element.  You may have modified your design after creating the debug instance. ;
; System:u0|DMAFinal:dma_0|control_slave:control|iWritedata[23]       ; pre-synthesis ; missing ; Top            ; post-synthesis    ; GND               ; The name does not exist in your design or refers to an invalid hierarchy or bus element.  You may have modified your design after creating the debug instance. ;
; System:u0|DMAFinal:dma_0|control_slave:control|iWritedata[24]       ; pre-synthesis ; missing ; Top            ; post-synthesis    ; GND               ; The name does not exist in your design or refers to an invalid hierarchy or bus element.  You may have modified your design after creating the debug instance. ;
; System:u0|DMAFinal:dma_0|control_slave:control|iWritedata[24]       ; pre-synthesis ; missing ; Top            ; post-synthesis    ; GND               ; The name does not exist in your design or refers to an invalid hierarchy or bus element.  You may have modified your design after creating the debug instance. ;
; System:u0|DMAFinal:dma_0|control_slave:control|iWritedata[25]       ; pre-synthesis ; missing ; Top            ; post-synthesis    ; GND               ; The name does not exist in your design or refers to an invalid hierarchy or bus element.  You may have modified your design after creating the debug instance. ;
; System:u0|DMAFinal:dma_0|control_slave:control|iWritedata[25]       ; pre-synthesis ; missing ; Top            ; post-synthesis    ; GND               ; The name does not exist in your design or refers to an invalid hierarchy or bus element.  You may have modified your design after creating the debug instance. ;
; System:u0|DMAFinal:dma_0|control_slave:control|iWritedata[26]       ; pre-synthesis ; missing ; Top            ; post-synthesis    ; GND               ; The name does not exist in your design or refers to an invalid hierarchy or bus element.  You may have modified your design after creating the debug instance. ;
; System:u0|DMAFinal:dma_0|control_slave:control|iWritedata[26]       ; pre-synthesis ; missing ; Top            ; post-synthesis    ; GND               ; The name does not exist in your design or refers to an invalid hierarchy or bus element.  You may have modified your design after creating the debug instance. ;
; System:u0|DMAFinal:dma_0|control_slave:control|iWritedata[27]       ; pre-synthesis ; missing ; Top            ; post-synthesis    ; GND               ; The name does not exist in your design or refers to an invalid hierarchy or bus element.  You may have modified your design after creating the debug instance. ;
; System:u0|DMAFinal:dma_0|control_slave:control|iWritedata[27]       ; pre-synthesis ; missing ; Top            ; post-synthesis    ; GND               ; The name does not exist in your design or refers to an invalid hierarchy or bus element.  You may have modified your design after creating the debug instance. ;
; System:u0|DMAFinal:dma_0|control_slave:control|iWritedata[28]       ; pre-synthesis ; missing ; Top            ; post-synthesis    ; GND               ; The name does not exist in your design or refers to an invalid hierarchy or bus element.  You may have modified your design after creating the debug instance. ;
; System:u0|DMAFinal:dma_0|control_slave:control|iWritedata[28]       ; pre-synthesis ; missing ; Top            ; post-synthesis    ; GND               ; The name does not exist in your design or refers to an invalid hierarchy or bus element.  You may have modified your design after creating the debug instance. ;
; System:u0|DMAFinal:dma_0|control_slave:control|iWritedata[29]       ; pre-synthesis ; missing ; Top            ; post-synthesis    ; GND               ; The name does not exist in your design or refers to an invalid hierarchy or bus element.  You may have modified your design after creating the debug instance. ;
; System:u0|DMAFinal:dma_0|control_slave:control|iWritedata[29]       ; pre-synthesis ; missing ; Top            ; post-synthesis    ; GND               ; The name does not exist in your design or refers to an invalid hierarchy or bus element.  You may have modified your design after creating the debug instance. ;
; System:u0|DMAFinal:dma_0|control_slave:control|iWritedata[2]        ; pre-synthesis ; missing ; Top            ; post-synthesis    ; GND               ; The name does not exist in your design or refers to an invalid hierarchy or bus element.  You may have modified your design after creating the debug instance. ;
; System:u0|DMAFinal:dma_0|control_slave:control|iWritedata[2]        ; pre-synthesis ; missing ; Top            ; post-synthesis    ; GND               ; The name does not exist in your design or refers to an invalid hierarchy or bus element.  You may have modified your design after creating the debug instance. ;
; System:u0|DMAFinal:dma_0|control_slave:control|iWritedata[30]       ; pre-synthesis ; missing ; Top            ; post-synthesis    ; GND               ; The name does not exist in your design or refers to an invalid hierarchy or bus element.  You may have modified your design after creating the debug instance. ;
; System:u0|DMAFinal:dma_0|control_slave:control|iWritedata[30]       ; pre-synthesis ; missing ; Top            ; post-synthesis    ; GND               ; The name does not exist in your design or refers to an invalid hierarchy or bus element.  You may have modified your design after creating the debug instance. ;
; System:u0|DMAFinal:dma_0|control_slave:control|iWritedata[31]       ; pre-synthesis ; missing ; Top            ; post-synthesis    ; GND               ; The name does not exist in your design or refers to an invalid hierarchy or bus element.  You may have modified your design after creating the debug instance. ;
; System:u0|DMAFinal:dma_0|control_slave:control|iWritedata[31]       ; pre-synthesis ; missing ; Top            ; post-synthesis    ; GND               ; The name does not exist in your design or refers to an invalid hierarchy or bus element.  You may have modified your design after creating the debug instance. ;
; System:u0|DMAFinal:dma_0|control_slave:control|iWritedata[3]        ; pre-synthesis ; missing ; Top            ; post-synthesis    ; GND               ; The name does not exist in your design or refers to an invalid hierarchy or bus element.  You may have modified your design after creating the debug instance. ;
; System:u0|DMAFinal:dma_0|control_slave:control|iWritedata[3]        ; pre-synthesis ; missing ; Top            ; post-synthesis    ; GND               ; The name does not exist in your design or refers to an invalid hierarchy or bus element.  You may have modified your design after creating the debug instance. ;
; System:u0|DMAFinal:dma_0|control_slave:control|iWritedata[4]        ; pre-synthesis ; missing ; Top            ; post-synthesis    ; GND               ; The name does not exist in your design or refers to an invalid hierarchy or bus element.  You may have modified your design after creating the debug instance. ;
; System:u0|DMAFinal:dma_0|control_slave:control|iWritedata[4]        ; pre-synthesis ; missing ; Top            ; post-synthesis    ; GND               ; The name does not exist in your design or refers to an invalid hierarchy or bus element.  You may have modified your design after creating the debug instance. ;
; System:u0|DMAFinal:dma_0|control_slave:control|iWritedata[5]        ; pre-synthesis ; missing ; Top            ; post-synthesis    ; GND               ; The name does not exist in your design or refers to an invalid hierarchy or bus element.  You may have modified your design after creating the debug instance. ;
; System:u0|DMAFinal:dma_0|control_slave:control|iWritedata[5]        ; pre-synthesis ; missing ; Top            ; post-synthesis    ; GND               ; The name does not exist in your design or refers to an invalid hierarchy or bus element.  You may have modified your design after creating the debug instance. ;
; System:u0|DMAFinal:dma_0|control_slave:control|iWritedata[6]        ; pre-synthesis ; missing ; Top            ; post-synthesis    ; GND               ; The name does not exist in your design or refers to an invalid hierarchy or bus element.  You may have modified your design after creating the debug instance. ;
; System:u0|DMAFinal:dma_0|control_slave:control|iWritedata[6]        ; pre-synthesis ; missing ; Top            ; post-synthesis    ; GND               ; The name does not exist in your design or refers to an invalid hierarchy or bus element.  You may have modified your design after creating the debug instance. ;
; System:u0|DMAFinal:dma_0|control_slave:control|iWritedata[7]        ; pre-synthesis ; missing ; Top            ; post-synthesis    ; GND               ; The name does not exist in your design or refers to an invalid hierarchy or bus element.  You may have modified your design after creating the debug instance. ;
; System:u0|DMAFinal:dma_0|control_slave:control|iWritedata[7]        ; pre-synthesis ; missing ; Top            ; post-synthesis    ; GND               ; The name does not exist in your design or refers to an invalid hierarchy or bus element.  You may have modified your design after creating the debug instance. ;
; System:u0|DMAFinal:dma_0|control_slave:control|iWritedata[8]        ; pre-synthesis ; missing ; Top            ; post-synthesis    ; GND               ; The name does not exist in your design or refers to an invalid hierarchy or bus element.  You may have modified your design after creating the debug instance. ;
; System:u0|DMAFinal:dma_0|control_slave:control|iWritedata[8]        ; pre-synthesis ; missing ; Top            ; post-synthesis    ; GND               ; The name does not exist in your design or refers to an invalid hierarchy or bus element.  You may have modified your design after creating the debug instance. ;
; System:u0|DMAFinal:dma_0|control_slave:control|iWritedata[9]        ; pre-synthesis ; missing ; Top            ; post-synthesis    ; GND               ; The name does not exist in your design or refers to an invalid hierarchy or bus element.  You may have modified your design after creating the debug instance. ;
; System:u0|DMAFinal:dma_0|control_slave:control|iWritedata[9]        ; pre-synthesis ; missing ; Top            ; post-synthesis    ; GND               ; The name does not exist in your design or refers to an invalid hierarchy or bus element.  You may have modified your design after creating the debug instance. ;
; System:u0|DMAFinal:dma_0|control_slave:control|oLength[0]           ; pre-synthesis ; missing ; Top            ; post-synthesis    ; GND               ; The name does not exist in your design or refers to an invalid hierarchy or bus element.  You may have modified your design after creating the debug instance. ;
; System:u0|DMAFinal:dma_0|control_slave:control|oLength[0]           ; pre-synthesis ; missing ; Top            ; post-synthesis    ; GND               ; The name does not exist in your design or refers to an invalid hierarchy or bus element.  You may have modified your design after creating the debug instance. ;
; System:u0|DMAFinal:dma_0|control_slave:control|oLength[10]          ; pre-synthesis ; missing ; Top            ; post-synthesis    ; GND               ; The name does not exist in your design or refers to an invalid hierarchy or bus element.  You may have modified your design after creating the debug instance. ;
; System:u0|DMAFinal:dma_0|control_slave:control|oLength[10]          ; pre-synthesis ; missing ; Top            ; post-synthesis    ; GND               ; The name does not exist in your design or refers to an invalid hierarchy or bus element.  You may have modified your design after creating the debug instance. ;
; System:u0|DMAFinal:dma_0|control_slave:control|oLength[11]          ; pre-synthesis ; missing ; Top            ; post-synthesis    ; GND               ; The name does not exist in your design or refers to an invalid hierarchy or bus element.  You may have modified your design after creating the debug instance. ;
; System:u0|DMAFinal:dma_0|control_slave:control|oLength[11]          ; pre-synthesis ; missing ; Top            ; post-synthesis    ; GND               ; The name does not exist in your design or refers to an invalid hierarchy or bus element.  You may have modified your design after creating the debug instance. ;
; System:u0|DMAFinal:dma_0|control_slave:control|oLength[12]          ; pre-synthesis ; missing ; Top            ; post-synthesis    ; GND               ; The name does not exist in your design or refers to an invalid hierarchy or bus element.  You may have modified your design after creating the debug instance. ;
; System:u0|DMAFinal:dma_0|control_slave:control|oLength[12]          ; pre-synthesis ; missing ; Top            ; post-synthesis    ; GND               ; The name does not exist in your design or refers to an invalid hierarchy or bus element.  You may have modified your design after creating the debug instance. ;
; System:u0|DMAFinal:dma_0|control_slave:control|oLength[13]          ; pre-synthesis ; missing ; Top            ; post-synthesis    ; GND               ; The name does not exist in your design or refers to an invalid hierarchy or bus element.  You may have modified your design after creating the debug instance. ;
; System:u0|DMAFinal:dma_0|control_slave:control|oLength[13]          ; pre-synthesis ; missing ; Top            ; post-synthesis    ; GND               ; The name does not exist in your design or refers to an invalid hierarchy or bus element.  You may have modified your design after creating the debug instance. ;
; System:u0|DMAFinal:dma_0|control_slave:control|oLength[14]          ; pre-synthesis ; missing ; Top            ; post-synthesis    ; GND               ; The name does not exist in your design or refers to an invalid hierarchy or bus element.  You may have modified your design after creating the debug instance. ;
; System:u0|DMAFinal:dma_0|control_slave:control|oLength[14]          ; pre-synthesis ; missing ; Top            ; post-synthesis    ; GND               ; The name does not exist in your design or refers to an invalid hierarchy or bus element.  You may have modified your design after creating the debug instance. ;
; System:u0|DMAFinal:dma_0|control_slave:control|oLength[15]          ; pre-synthesis ; missing ; Top            ; post-synthesis    ; GND               ; The name does not exist in your design or refers to an invalid hierarchy or bus element.  You may have modified your design after creating the debug instance. ;
; System:u0|DMAFinal:dma_0|control_slave:control|oLength[15]          ; pre-synthesis ; missing ; Top            ; post-synthesis    ; GND               ; The name does not exist in your design or refers to an invalid hierarchy or bus element.  You may have modified your design after creating the debug instance. ;
; System:u0|DMAFinal:dma_0|control_slave:control|oLength[16]          ; pre-synthesis ; missing ; Top            ; post-synthesis    ; GND               ; The name does not exist in your design or refers to an invalid hierarchy or bus element.  You may have modified your design after creating the debug instance. ;
; System:u0|DMAFinal:dma_0|control_slave:control|oLength[16]          ; pre-synthesis ; missing ; Top            ; post-synthesis    ; GND               ; The name does not exist in your design or refers to an invalid hierarchy or bus element.  You may have modified your design after creating the debug instance. ;
; System:u0|DMAFinal:dma_0|control_slave:control|oLength[17]          ; pre-synthesis ; missing ; Top            ; post-synthesis    ; GND               ; The name does not exist in your design or refers to an invalid hierarchy or bus element.  You may have modified your design after creating the debug instance. ;
; System:u0|DMAFinal:dma_0|control_slave:control|oLength[17]          ; pre-synthesis ; missing ; Top            ; post-synthesis    ; GND               ; The name does not exist in your design or refers to an invalid hierarchy or bus element.  You may have modified your design after creating the debug instance. ;
; System:u0|DMAFinal:dma_0|control_slave:control|oLength[18]          ; pre-synthesis ; missing ; Top            ; post-synthesis    ; GND               ; The name does not exist in your design or refers to an invalid hierarchy or bus element.  You may have modified your design after creating the debug instance. ;
; System:u0|DMAFinal:dma_0|control_slave:control|oLength[18]          ; pre-synthesis ; missing ; Top            ; post-synthesis    ; GND               ; The name does not exist in your design or refers to an invalid hierarchy or bus element.  You may have modified your design after creating the debug instance. ;
; System:u0|DMAFinal:dma_0|control_slave:control|oLength[19]          ; pre-synthesis ; missing ; Top            ; post-synthesis    ; GND               ; The name does not exist in your design or refers to an invalid hierarchy or bus element.  You may have modified your design after creating the debug instance. ;
; System:u0|DMAFinal:dma_0|control_slave:control|oLength[19]          ; pre-synthesis ; missing ; Top            ; post-synthesis    ; GND               ; The name does not exist in your design or refers to an invalid hierarchy or bus element.  You may have modified your design after creating the debug instance. ;
; System:u0|DMAFinal:dma_0|control_slave:control|oLength[1]           ; pre-synthesis ; missing ; Top            ; post-synthesis    ; GND               ; The name does not exist in your design or refers to an invalid hierarchy or bus element.  You may have modified your design after creating the debug instance. ;
; System:u0|DMAFinal:dma_0|control_slave:control|oLength[1]           ; pre-synthesis ; missing ; Top            ; post-synthesis    ; GND               ; The name does not exist in your design or refers to an invalid hierarchy or bus element.  You may have modified your design after creating the debug instance. ;
; System:u0|DMAFinal:dma_0|control_slave:control|oLength[20]          ; pre-synthesis ; missing ; Top            ; post-synthesis    ; GND               ; The name does not exist in your design or refers to an invalid hierarchy or bus element.  You may have modified your design after creating the debug instance. ;
; System:u0|DMAFinal:dma_0|control_slave:control|oLength[20]          ; pre-synthesis ; missing ; Top            ; post-synthesis    ; GND               ; The name does not exist in your design or refers to an invalid hierarchy or bus element.  You may have modified your design after creating the debug instance. ;
; System:u0|DMAFinal:dma_0|control_slave:control|oLength[21]          ; pre-synthesis ; missing ; Top            ; post-synthesis    ; GND               ; The name does not exist in your design or refers to an invalid hierarchy or bus element.  You may have modified your design after creating the debug instance. ;
; System:u0|DMAFinal:dma_0|control_slave:control|oLength[21]          ; pre-synthesis ; missing ; Top            ; post-synthesis    ; GND               ; The name does not exist in your design or refers to an invalid hierarchy or bus element.  You may have modified your design after creating the debug instance. ;
; System:u0|DMAFinal:dma_0|control_slave:control|oLength[22]          ; pre-synthesis ; missing ; Top            ; post-synthesis    ; GND               ; The name does not exist in your design or refers to an invalid hierarchy or bus element.  You may have modified your design after creating the debug instance. ;
; System:u0|DMAFinal:dma_0|control_slave:control|oLength[22]          ; pre-synthesis ; missing ; Top            ; post-synthesis    ; GND               ; The name does not exist in your design or refers to an invalid hierarchy or bus element.  You may have modified your design after creating the debug instance. ;
; System:u0|DMAFinal:dma_0|control_slave:control|oLength[23]          ; pre-synthesis ; missing ; Top            ; post-synthesis    ; GND               ; The name does not exist in your design or refers to an invalid hierarchy or bus element.  You may have modified your design after creating the debug instance. ;
; System:u0|DMAFinal:dma_0|control_slave:control|oLength[23]          ; pre-synthesis ; missing ; Top            ; post-synthesis    ; GND               ; The name does not exist in your design or refers to an invalid hierarchy or bus element.  You may have modified your design after creating the debug instance. ;
; System:u0|DMAFinal:dma_0|control_slave:control|oLength[24]          ; pre-synthesis ; missing ; Top            ; post-synthesis    ; GND               ; The name does not exist in your design or refers to an invalid hierarchy or bus element.  You may have modified your design after creating the debug instance. ;
; System:u0|DMAFinal:dma_0|control_slave:control|oLength[24]          ; pre-synthesis ; missing ; Top            ; post-synthesis    ; GND               ; The name does not exist in your design or refers to an invalid hierarchy or bus element.  You may have modified your design after creating the debug instance. ;
; System:u0|DMAFinal:dma_0|control_slave:control|oLength[25]          ; pre-synthesis ; missing ; Top            ; post-synthesis    ; GND               ; The name does not exist in your design or refers to an invalid hierarchy or bus element.  You may have modified your design after creating the debug instance. ;
; System:u0|DMAFinal:dma_0|control_slave:control|oLength[25]          ; pre-synthesis ; missing ; Top            ; post-synthesis    ; GND               ; The name does not exist in your design or refers to an invalid hierarchy or bus element.  You may have modified your design after creating the debug instance. ;
; System:u0|DMAFinal:dma_0|control_slave:control|oLength[26]          ; pre-synthesis ; missing ; Top            ; post-synthesis    ; GND               ; The name does not exist in your design or refers to an invalid hierarchy or bus element.  You may have modified your design after creating the debug instance. ;
; System:u0|DMAFinal:dma_0|control_slave:control|oLength[26]          ; pre-synthesis ; missing ; Top            ; post-synthesis    ; GND               ; The name does not exist in your design or refers to an invalid hierarchy or bus element.  You may have modified your design after creating the debug instance. ;
; System:u0|DMAFinal:dma_0|control_slave:control|oLength[27]          ; pre-synthesis ; missing ; Top            ; post-synthesis    ; GND               ; The name does not exist in your design or refers to an invalid hierarchy or bus element.  You may have modified your design after creating the debug instance. ;
; System:u0|DMAFinal:dma_0|control_slave:control|oLength[27]          ; pre-synthesis ; missing ; Top            ; post-synthesis    ; GND               ; The name does not exist in your design or refers to an invalid hierarchy or bus element.  You may have modified your design after creating the debug instance. ;
; System:u0|DMAFinal:dma_0|control_slave:control|oLength[28]          ; pre-synthesis ; missing ; Top            ; post-synthesis    ; GND               ; The name does not exist in your design or refers to an invalid hierarchy or bus element.  You may have modified your design after creating the debug instance. ;
; System:u0|DMAFinal:dma_0|control_slave:control|oLength[28]          ; pre-synthesis ; missing ; Top            ; post-synthesis    ; GND               ; The name does not exist in your design or refers to an invalid hierarchy or bus element.  You may have modified your design after creating the debug instance. ;
; System:u0|DMAFinal:dma_0|control_slave:control|oLength[29]          ; pre-synthesis ; missing ; Top            ; post-synthesis    ; GND               ; The name does not exist in your design or refers to an invalid hierarchy or bus element.  You may have modified your design after creating the debug instance. ;
; System:u0|DMAFinal:dma_0|control_slave:control|oLength[29]          ; pre-synthesis ; missing ; Top            ; post-synthesis    ; GND               ; The name does not exist in your design or refers to an invalid hierarchy or bus element.  You may have modified your design after creating the debug instance. ;
; System:u0|DMAFinal:dma_0|control_slave:control|oLength[2]           ; pre-synthesis ; missing ; Top            ; post-synthesis    ; GND               ; The name does not exist in your design or refers to an invalid hierarchy or bus element.  You may have modified your design after creating the debug instance. ;
; System:u0|DMAFinal:dma_0|control_slave:control|oLength[2]           ; pre-synthesis ; missing ; Top            ; post-synthesis    ; GND               ; The name does not exist in your design or refers to an invalid hierarchy or bus element.  You may have modified your design after creating the debug instance. ;
; System:u0|DMAFinal:dma_0|control_slave:control|oLength[30]          ; pre-synthesis ; missing ; Top            ; post-synthesis    ; GND               ; The name does not exist in your design or refers to an invalid hierarchy or bus element.  You may have modified your design after creating the debug instance. ;
; System:u0|DMAFinal:dma_0|control_slave:control|oLength[30]          ; pre-synthesis ; missing ; Top            ; post-synthesis    ; GND               ; The name does not exist in your design or refers to an invalid hierarchy or bus element.  You may have modified your design after creating the debug instance. ;
; System:u0|DMAFinal:dma_0|control_slave:control|oLength[31]          ; pre-synthesis ; missing ; Top            ; post-synthesis    ; GND               ; The name does not exist in your design or refers to an invalid hierarchy or bus element.  You may have modified your design after creating the debug instance. ;
; System:u0|DMAFinal:dma_0|control_slave:control|oLength[31]          ; pre-synthesis ; missing ; Top            ; post-synthesis    ; GND               ; The name does not exist in your design or refers to an invalid hierarchy or bus element.  You may have modified your design after creating the debug instance. ;
; System:u0|DMAFinal:dma_0|control_slave:control|oLength[3]           ; pre-synthesis ; missing ; Top            ; post-synthesis    ; GND               ; The name does not exist in your design or refers to an invalid hierarchy or bus element.  You may have modified your design after creating the debug instance. ;
; System:u0|DMAFinal:dma_0|control_slave:control|oLength[3]           ; pre-synthesis ; missing ; Top            ; post-synthesis    ; GND               ; The name does not exist in your design or refers to an invalid hierarchy or bus element.  You may have modified your design after creating the debug instance. ;
; System:u0|DMAFinal:dma_0|control_slave:control|oLength[4]           ; pre-synthesis ; missing ; Top            ; post-synthesis    ; GND               ; The name does not exist in your design or refers to an invalid hierarchy or bus element.  You may have modified your design after creating the debug instance. ;
; System:u0|DMAFinal:dma_0|control_slave:control|oLength[4]           ; pre-synthesis ; missing ; Top            ; post-synthesis    ; GND               ; The name does not exist in your design or refers to an invalid hierarchy or bus element.  You may have modified your design after creating the debug instance. ;
; System:u0|DMAFinal:dma_0|control_slave:control|oLength[5]           ; pre-synthesis ; missing ; Top            ; post-synthesis    ; GND               ; The name does not exist in your design or refers to an invalid hierarchy or bus element.  You may have modified your design after creating the debug instance. ;
; System:u0|DMAFinal:dma_0|control_slave:control|oLength[5]           ; pre-synthesis ; missing ; Top            ; post-synthesis    ; GND               ; The name does not exist in your design or refers to an invalid hierarchy or bus element.  You may have modified your design after creating the debug instance. ;
; System:u0|DMAFinal:dma_0|control_slave:control|oLength[6]           ; pre-synthesis ; missing ; Top            ; post-synthesis    ; GND               ; The name does not exist in your design or refers to an invalid hierarchy or bus element.  You may have modified your design after creating the debug instance. ;
; System:u0|DMAFinal:dma_0|control_slave:control|oLength[6]           ; pre-synthesis ; missing ; Top            ; post-synthesis    ; GND               ; The name does not exist in your design or refers to an invalid hierarchy or bus element.  You may have modified your design after creating the debug instance. ;
; System:u0|DMAFinal:dma_0|control_slave:control|oLength[7]           ; pre-synthesis ; missing ; Top            ; post-synthesis    ; GND               ; The name does not exist in your design or refers to an invalid hierarchy or bus element.  You may have modified your design after creating the debug instance. ;
; System:u0|DMAFinal:dma_0|control_slave:control|oLength[7]           ; pre-synthesis ; missing ; Top            ; post-synthesis    ; GND               ; The name does not exist in your design or refers to an invalid hierarchy or bus element.  You may have modified your design after creating the debug instance. ;
; System:u0|DMAFinal:dma_0|control_slave:control|oLength[8]           ; pre-synthesis ; missing ; Top            ; post-synthesis    ; GND               ; The name does not exist in your design or refers to an invalid hierarchy or bus element.  You may have modified your design after creating the debug instance. ;
; System:u0|DMAFinal:dma_0|control_slave:control|oLength[8]           ; pre-synthesis ; missing ; Top            ; post-synthesis    ; GND               ; The name does not exist in your design or refers to an invalid hierarchy or bus element.  You may have modified your design after creating the debug instance. ;
; System:u0|DMAFinal:dma_0|control_slave:control|oLength[9]           ; pre-synthesis ; missing ; Top            ; post-synthesis    ; GND               ; The name does not exist in your design or refers to an invalid hierarchy or bus element.  You may have modified your design after creating the debug instance. ;
; System:u0|DMAFinal:dma_0|control_slave:control|oLength[9]           ; pre-synthesis ; missing ; Top            ; post-synthesis    ; GND               ; The name does not exist in your design or refers to an invalid hierarchy or bus element.  You may have modified your design after creating the debug instance. ;
; System:u0|DMAFinal:dma_0|control_slave:control|oRM_startaddress[0]  ; pre-synthesis ; missing ; Top            ; post-synthesis    ; GND               ; The name does not exist in your design or refers to an invalid hierarchy or bus element.  You may have modified your design after creating the debug instance. ;
; System:u0|DMAFinal:dma_0|control_slave:control|oRM_startaddress[0]  ; pre-synthesis ; missing ; Top            ; post-synthesis    ; GND               ; The name does not exist in your design or refers to an invalid hierarchy or bus element.  You may have modified your design after creating the debug instance. ;
; System:u0|DMAFinal:dma_0|control_slave:control|oRM_startaddress[10] ; pre-synthesis ; missing ; Top            ; post-synthesis    ; GND               ; The name does not exist in your design or refers to an invalid hierarchy or bus element.  You may have modified your design after creating the debug instance. ;
; System:u0|DMAFinal:dma_0|control_slave:control|oRM_startaddress[10] ; pre-synthesis ; missing ; Top            ; post-synthesis    ; GND               ; The name does not exist in your design or refers to an invalid hierarchy or bus element.  You may have modified your design after creating the debug instance. ;
; System:u0|DMAFinal:dma_0|control_slave:control|oRM_startaddress[11] ; pre-synthesis ; missing ; Top            ; post-synthesis    ; GND               ; The name does not exist in your design or refers to an invalid hierarchy or bus element.  You may have modified your design after creating the debug instance. ;
; System:u0|DMAFinal:dma_0|control_slave:control|oRM_startaddress[11] ; pre-synthesis ; missing ; Top            ; post-synthesis    ; GND               ; The name does not exist in your design or refers to an invalid hierarchy or bus element.  You may have modified your design after creating the debug instance. ;
; System:u0|DMAFinal:dma_0|control_slave:control|oRM_startaddress[12] ; pre-synthesis ; missing ; Top            ; post-synthesis    ; GND               ; The name does not exist in your design or refers to an invalid hierarchy or bus element.  You may have modified your design after creating the debug instance. ;
; System:u0|DMAFinal:dma_0|control_slave:control|oRM_startaddress[12] ; pre-synthesis ; missing ; Top            ; post-synthesis    ; GND               ; The name does not exist in your design or refers to an invalid hierarchy or bus element.  You may have modified your design after creating the debug instance. ;
; System:u0|DMAFinal:dma_0|control_slave:control|oRM_startaddress[13] ; pre-synthesis ; missing ; Top            ; post-synthesis    ; GND               ; The name does not exist in your design or refers to an invalid hierarchy or bus element.  You may have modified your design after creating the debug instance. ;
; System:u0|DMAFinal:dma_0|control_slave:control|oRM_startaddress[13] ; pre-synthesis ; missing ; Top            ; post-synthesis    ; GND               ; The name does not exist in your design or refers to an invalid hierarchy or bus element.  You may have modified your design after creating the debug instance. ;
; System:u0|DMAFinal:dma_0|control_slave:control|oRM_startaddress[14] ; pre-synthesis ; missing ; Top            ; post-synthesis    ; GND               ; The name does not exist in your design or refers to an invalid hierarchy or bus element.  You may have modified your design after creating the debug instance. ;
; System:u0|DMAFinal:dma_0|control_slave:control|oRM_startaddress[14] ; pre-synthesis ; missing ; Top            ; post-synthesis    ; GND               ; The name does not exist in your design or refers to an invalid hierarchy or bus element.  You may have modified your design after creating the debug instance. ;
; System:u0|DMAFinal:dma_0|control_slave:control|oRM_startaddress[15] ; pre-synthesis ; missing ; Top            ; post-synthesis    ; GND               ; The name does not exist in your design or refers to an invalid hierarchy or bus element.  You may have modified your design after creating the debug instance. ;
; System:u0|DMAFinal:dma_0|control_slave:control|oRM_startaddress[15] ; pre-synthesis ; missing ; Top            ; post-synthesis    ; GND               ; The name does not exist in your design or refers to an invalid hierarchy or bus element.  You may have modified your design after creating the debug instance. ;
; System:u0|DMAFinal:dma_0|control_slave:control|oRM_startaddress[16] ; pre-synthesis ; missing ; Top            ; post-synthesis    ; GND               ; The name does not exist in your design or refers to an invalid hierarchy or bus element.  You may have modified your design after creating the debug instance. ;
; System:u0|DMAFinal:dma_0|control_slave:control|oRM_startaddress[16] ; pre-synthesis ; missing ; Top            ; post-synthesis    ; GND               ; The name does not exist in your design or refers to an invalid hierarchy or bus element.  You may have modified your design after creating the debug instance. ;
; System:u0|DMAFinal:dma_0|control_slave:control|oRM_startaddress[17] ; pre-synthesis ; missing ; Top            ; post-synthesis    ; GND               ; The name does not exist in your design or refers to an invalid hierarchy or bus element.  You may have modified your design after creating the debug instance. ;
; System:u0|DMAFinal:dma_0|control_slave:control|oRM_startaddress[17] ; pre-synthesis ; missing ; Top            ; post-synthesis    ; GND               ; The name does not exist in your design or refers to an invalid hierarchy or bus element.  You may have modified your design after creating the debug instance. ;
; System:u0|DMAFinal:dma_0|control_slave:control|oRM_startaddress[18] ; pre-synthesis ; missing ; Top            ; post-synthesis    ; GND               ; The name does not exist in your design or refers to an invalid hierarchy or bus element.  You may have modified your design after creating the debug instance. ;
; System:u0|DMAFinal:dma_0|control_slave:control|oRM_startaddress[18] ; pre-synthesis ; missing ; Top            ; post-synthesis    ; GND               ; The name does not exist in your design or refers to an invalid hierarchy or bus element.  You may have modified your design after creating the debug instance. ;
; System:u0|DMAFinal:dma_0|control_slave:control|oRM_startaddress[19] ; pre-synthesis ; missing ; Top            ; post-synthesis    ; GND               ; The name does not exist in your design or refers to an invalid hierarchy or bus element.  You may have modified your design after creating the debug instance. ;
; System:u0|DMAFinal:dma_0|control_slave:control|oRM_startaddress[19] ; pre-synthesis ; missing ; Top            ; post-synthesis    ; GND               ; The name does not exist in your design or refers to an invalid hierarchy or bus element.  You may have modified your design after creating the debug instance. ;
; System:u0|DMAFinal:dma_0|control_slave:control|oRM_startaddress[1]  ; pre-synthesis ; missing ; Top            ; post-synthesis    ; GND               ; The name does not exist in your design or refers to an invalid hierarchy or bus element.  You may have modified your design after creating the debug instance. ;
; System:u0|DMAFinal:dma_0|control_slave:control|oRM_startaddress[1]  ; pre-synthesis ; missing ; Top            ; post-synthesis    ; GND               ; The name does not exist in your design or refers to an invalid hierarchy or bus element.  You may have modified your design after creating the debug instance. ;
; System:u0|DMAFinal:dma_0|control_slave:control|oRM_startaddress[20] ; pre-synthesis ; missing ; Top            ; post-synthesis    ; GND               ; The name does not exist in your design or refers to an invalid hierarchy or bus element.  You may have modified your design after creating the debug instance. ;
; System:u0|DMAFinal:dma_0|control_slave:control|oRM_startaddress[20] ; pre-synthesis ; missing ; Top            ; post-synthesis    ; GND               ; The name does not exist in your design or refers to an invalid hierarchy or bus element.  You may have modified your design after creating the debug instance. ;
; System:u0|DMAFinal:dma_0|control_slave:control|oRM_startaddress[21] ; pre-synthesis ; missing ; Top            ; post-synthesis    ; GND               ; The name does not exist in your design or refers to an invalid hierarchy or bus element.  You may have modified your design after creating the debug instance. ;
; System:u0|DMAFinal:dma_0|control_slave:control|oRM_startaddress[21] ; pre-synthesis ; missing ; Top            ; post-synthesis    ; GND               ; The name does not exist in your design or refers to an invalid hierarchy or bus element.  You may have modified your design after creating the debug instance. ;
; System:u0|DMAFinal:dma_0|control_slave:control|oRM_startaddress[22] ; pre-synthesis ; missing ; Top            ; post-synthesis    ; GND               ; The name does not exist in your design or refers to an invalid hierarchy or bus element.  You may have modified your design after creating the debug instance. ;
; System:u0|DMAFinal:dma_0|control_slave:control|oRM_startaddress[22] ; pre-synthesis ; missing ; Top            ; post-synthesis    ; GND               ; The name does not exist in your design or refers to an invalid hierarchy or bus element.  You may have modified your design after creating the debug instance. ;
; System:u0|DMAFinal:dma_0|control_slave:control|oRM_startaddress[23] ; pre-synthesis ; missing ; Top            ; post-synthesis    ; GND               ; The name does not exist in your design or refers to an invalid hierarchy or bus element.  You may have modified your design after creating the debug instance. ;
; System:u0|DMAFinal:dma_0|control_slave:control|oRM_startaddress[23] ; pre-synthesis ; missing ; Top            ; post-synthesis    ; GND               ; The name does not exist in your design or refers to an invalid hierarchy or bus element.  You may have modified your design after creating the debug instance. ;
; System:u0|DMAFinal:dma_0|control_slave:control|oRM_startaddress[24] ; pre-synthesis ; missing ; Top            ; post-synthesis    ; GND               ; The name does not exist in your design or refers to an invalid hierarchy or bus element.  You may have modified your design after creating the debug instance. ;
; System:u0|DMAFinal:dma_0|control_slave:control|oRM_startaddress[24] ; pre-synthesis ; missing ; Top            ; post-synthesis    ; GND               ; The name does not exist in your design or refers to an invalid hierarchy or bus element.  You may have modified your design after creating the debug instance. ;
; System:u0|DMAFinal:dma_0|control_slave:control|oRM_startaddress[25] ; pre-synthesis ; missing ; Top            ; post-synthesis    ; GND               ; The name does not exist in your design or refers to an invalid hierarchy or bus element.  You may have modified your design after creating the debug instance. ;
; System:u0|DMAFinal:dma_0|control_slave:control|oRM_startaddress[25] ; pre-synthesis ; missing ; Top            ; post-synthesis    ; GND               ; The name does not exist in your design or refers to an invalid hierarchy or bus element.  You may have modified your design after creating the debug instance. ;
; System:u0|DMAFinal:dma_0|control_slave:control|oRM_startaddress[26] ; pre-synthesis ; missing ; Top            ; post-synthesis    ; GND               ; The name does not exist in your design or refers to an invalid hierarchy or bus element.  You may have modified your design after creating the debug instance. ;
; System:u0|DMAFinal:dma_0|control_slave:control|oRM_startaddress[26] ; pre-synthesis ; missing ; Top            ; post-synthesis    ; GND               ; The name does not exist in your design or refers to an invalid hierarchy or bus element.  You may have modified your design after creating the debug instance. ;
; System:u0|DMAFinal:dma_0|control_slave:control|oRM_startaddress[27] ; pre-synthesis ; missing ; Top            ; post-synthesis    ; GND               ; The name does not exist in your design or refers to an invalid hierarchy or bus element.  You may have modified your design after creating the debug instance. ;
; System:u0|DMAFinal:dma_0|control_slave:control|oRM_startaddress[27] ; pre-synthesis ; missing ; Top            ; post-synthesis    ; GND               ; The name does not exist in your design or refers to an invalid hierarchy or bus element.  You may have modified your design after creating the debug instance. ;
; System:u0|DMAFinal:dma_0|control_slave:control|oRM_startaddress[28] ; pre-synthesis ; missing ; Top            ; post-synthesis    ; GND               ; The name does not exist in your design or refers to an invalid hierarchy or bus element.  You may have modified your design after creating the debug instance. ;
; System:u0|DMAFinal:dma_0|control_slave:control|oRM_startaddress[28] ; pre-synthesis ; missing ; Top            ; post-synthesis    ; GND               ; The name does not exist in your design or refers to an invalid hierarchy or bus element.  You may have modified your design after creating the debug instance. ;
; System:u0|DMAFinal:dma_0|control_slave:control|oRM_startaddress[29] ; pre-synthesis ; missing ; Top            ; post-synthesis    ; GND               ; The name does not exist in your design or refers to an invalid hierarchy or bus element.  You may have modified your design after creating the debug instance. ;
; System:u0|DMAFinal:dma_0|control_slave:control|oRM_startaddress[29] ; pre-synthesis ; missing ; Top            ; post-synthesis    ; GND               ; The name does not exist in your design or refers to an invalid hierarchy or bus element.  You may have modified your design after creating the debug instance. ;
; System:u0|DMAFinal:dma_0|control_slave:control|oRM_startaddress[2]  ; pre-synthesis ; missing ; Top            ; post-synthesis    ; GND               ; The name does not exist in your design or refers to an invalid hierarchy or bus element.  You may have modified your design after creating the debug instance. ;
; System:u0|DMAFinal:dma_0|control_slave:control|oRM_startaddress[2]  ; pre-synthesis ; missing ; Top            ; post-synthesis    ; GND               ; The name does not exist in your design or refers to an invalid hierarchy or bus element.  You may have modified your design after creating the debug instance. ;
; System:u0|DMAFinal:dma_0|control_slave:control|oRM_startaddress[30] ; pre-synthesis ; missing ; Top            ; post-synthesis    ; GND               ; The name does not exist in your design or refers to an invalid hierarchy or bus element.  You may have modified your design after creating the debug instance. ;
; System:u0|DMAFinal:dma_0|control_slave:control|oRM_startaddress[30] ; pre-synthesis ; missing ; Top            ; post-synthesis    ; GND               ; The name does not exist in your design or refers to an invalid hierarchy or bus element.  You may have modified your design after creating the debug instance. ;
; System:u0|DMAFinal:dma_0|control_slave:control|oRM_startaddress[31] ; pre-synthesis ; missing ; Top            ; post-synthesis    ; GND               ; The name does not exist in your design or refers to an invalid hierarchy or bus element.  You may have modified your design after creating the debug instance. ;
; System:u0|DMAFinal:dma_0|control_slave:control|oRM_startaddress[31] ; pre-synthesis ; missing ; Top            ; post-synthesis    ; GND               ; The name does not exist in your design or refers to an invalid hierarchy or bus element.  You may have modified your design after creating the debug instance. ;
; System:u0|DMAFinal:dma_0|control_slave:control|oRM_startaddress[3]  ; pre-synthesis ; missing ; Top            ; post-synthesis    ; GND               ; The name does not exist in your design or refers to an invalid hierarchy or bus element.  You may have modified your design after creating the debug instance. ;
; System:u0|DMAFinal:dma_0|control_slave:control|oRM_startaddress[3]  ; pre-synthesis ; missing ; Top            ; post-synthesis    ; GND               ; The name does not exist in your design or refers to an invalid hierarchy or bus element.  You may have modified your design after creating the debug instance. ;
; System:u0|DMAFinal:dma_0|control_slave:control|oRM_startaddress[4]  ; pre-synthesis ; missing ; Top            ; post-synthesis    ; GND               ; The name does not exist in your design or refers to an invalid hierarchy or bus element.  You may have modified your design after creating the debug instance. ;
; System:u0|DMAFinal:dma_0|control_slave:control|oRM_startaddress[4]  ; pre-synthesis ; missing ; Top            ; post-synthesis    ; GND               ; The name does not exist in your design or refers to an invalid hierarchy or bus element.  You may have modified your design after creating the debug instance. ;
; System:u0|DMAFinal:dma_0|control_slave:control|oRM_startaddress[5]  ; pre-synthesis ; missing ; Top            ; post-synthesis    ; GND               ; The name does not exist in your design or refers to an invalid hierarchy or bus element.  You may have modified your design after creating the debug instance. ;
; System:u0|DMAFinal:dma_0|control_slave:control|oRM_startaddress[5]  ; pre-synthesis ; missing ; Top            ; post-synthesis    ; GND               ; The name does not exist in your design or refers to an invalid hierarchy or bus element.  You may have modified your design after creating the debug instance. ;
; System:u0|DMAFinal:dma_0|control_slave:control|oRM_startaddress[6]  ; pre-synthesis ; missing ; Top            ; post-synthesis    ; GND               ; The name does not exist in your design or refers to an invalid hierarchy or bus element.  You may have modified your design after creating the debug instance. ;
; System:u0|DMAFinal:dma_0|control_slave:control|oRM_startaddress[6]  ; pre-synthesis ; missing ; Top            ; post-synthesis    ; GND               ; The name does not exist in your design or refers to an invalid hierarchy or bus element.  You may have modified your design after creating the debug instance. ;
; System:u0|DMAFinal:dma_0|control_slave:control|oRM_startaddress[7]  ; pre-synthesis ; missing ; Top            ; post-synthesis    ; GND               ; The name does not exist in your design or refers to an invalid hierarchy or bus element.  You may have modified your design after creating the debug instance. ;
; System:u0|DMAFinal:dma_0|control_slave:control|oRM_startaddress[7]  ; pre-synthesis ; missing ; Top            ; post-synthesis    ; GND               ; The name does not exist in your design or refers to an invalid hierarchy or bus element.  You may have modified your design after creating the debug instance. ;
; System:u0|DMAFinal:dma_0|control_slave:control|oRM_startaddress[8]  ; pre-synthesis ; missing ; Top            ; post-synthesis    ; GND               ; The name does not exist in your design or refers to an invalid hierarchy or bus element.  You may have modified your design after creating the debug instance. ;
; System:u0|DMAFinal:dma_0|control_slave:control|oRM_startaddress[8]  ; pre-synthesis ; missing ; Top            ; post-synthesis    ; GND               ; The name does not exist in your design or refers to an invalid hierarchy or bus element.  You may have modified your design after creating the debug instance. ;
; System:u0|DMAFinal:dma_0|control_slave:control|oRM_startaddress[9]  ; pre-synthesis ; missing ; Top            ; post-synthesis    ; GND               ; The name does not exist in your design or refers to an invalid hierarchy or bus element.  You may have modified your design after creating the debug instance. ;
; System:u0|DMAFinal:dma_0|control_slave:control|oRM_startaddress[9]  ; pre-synthesis ; missing ; Top            ; post-synthesis    ; GND               ; The name does not exist in your design or refers to an invalid hierarchy or bus element.  You may have modified your design after creating the debug instance. ;
; System:u0|DMAFinal:dma_0|control_slave:control|oReaddata[0]         ; pre-synthesis ; missing ; Top            ; post-synthesis    ; GND               ; The name does not exist in your design or refers to an invalid hierarchy or bus element.  You may have modified your design after creating the debug instance. ;
; System:u0|DMAFinal:dma_0|control_slave:control|oReaddata[0]         ; pre-synthesis ; missing ; Top            ; post-synthesis    ; GND               ; The name does not exist in your design or refers to an invalid hierarchy or bus element.  You may have modified your design after creating the debug instance. ;
; System:u0|DMAFinal:dma_0|control_slave:control|oReaddata[10]        ; pre-synthesis ; missing ; Top            ; post-synthesis    ; GND               ; The name does not exist in your design or refers to an invalid hierarchy or bus element.  You may have modified your design after creating the debug instance. ;
; System:u0|DMAFinal:dma_0|control_slave:control|oReaddata[10]        ; pre-synthesis ; missing ; Top            ; post-synthesis    ; GND               ; The name does not exist in your design or refers to an invalid hierarchy or bus element.  You may have modified your design after creating the debug instance. ;
; System:u0|DMAFinal:dma_0|control_slave:control|oReaddata[11]        ; pre-synthesis ; missing ; Top            ; post-synthesis    ; GND               ; The name does not exist in your design or refers to an invalid hierarchy or bus element.  You may have modified your design after creating the debug instance. ;
; System:u0|DMAFinal:dma_0|control_slave:control|oReaddata[11]        ; pre-synthesis ; missing ; Top            ; post-synthesis    ; GND               ; The name does not exist in your design or refers to an invalid hierarchy or bus element.  You may have modified your design after creating the debug instance. ;
; System:u0|DMAFinal:dma_0|control_slave:control|oReaddata[12]        ; pre-synthesis ; missing ; Top            ; post-synthesis    ; GND               ; The name does not exist in your design or refers to an invalid hierarchy or bus element.  You may have modified your design after creating the debug instance. ;
; System:u0|DMAFinal:dma_0|control_slave:control|oReaddata[12]        ; pre-synthesis ; missing ; Top            ; post-synthesis    ; GND               ; The name does not exist in your design or refers to an invalid hierarchy or bus element.  You may have modified your design after creating the debug instance. ;
; System:u0|DMAFinal:dma_0|control_slave:control|oReaddata[13]        ; pre-synthesis ; missing ; Top            ; post-synthesis    ; GND               ; The name does not exist in your design or refers to an invalid hierarchy or bus element.  You may have modified your design after creating the debug instance. ;
; System:u0|DMAFinal:dma_0|control_slave:control|oReaddata[13]        ; pre-synthesis ; missing ; Top            ; post-synthesis    ; GND               ; The name does not exist in your design or refers to an invalid hierarchy or bus element.  You may have modified your design after creating the debug instance. ;
; System:u0|DMAFinal:dma_0|control_slave:control|oReaddata[14]        ; pre-synthesis ; missing ; Top            ; post-synthesis    ; GND               ; The name does not exist in your design or refers to an invalid hierarchy or bus element.  You may have modified your design after creating the debug instance. ;
; System:u0|DMAFinal:dma_0|control_slave:control|oReaddata[14]        ; pre-synthesis ; missing ; Top            ; post-synthesis    ; GND               ; The name does not exist in your design or refers to an invalid hierarchy or bus element.  You may have modified your design after creating the debug instance. ;
; System:u0|DMAFinal:dma_0|control_slave:control|oReaddata[15]        ; pre-synthesis ; missing ; Top            ; post-synthesis    ; GND               ; The name does not exist in your design or refers to an invalid hierarchy or bus element.  You may have modified your design after creating the debug instance. ;
; System:u0|DMAFinal:dma_0|control_slave:control|oReaddata[15]        ; pre-synthesis ; missing ; Top            ; post-synthesis    ; GND               ; The name does not exist in your design or refers to an invalid hierarchy or bus element.  You may have modified your design after creating the debug instance. ;
; System:u0|DMAFinal:dma_0|control_slave:control|oReaddata[16]        ; pre-synthesis ; missing ; Top            ; post-synthesis    ; GND               ; The name does not exist in your design or refers to an invalid hierarchy or bus element.  You may have modified your design after creating the debug instance. ;
; System:u0|DMAFinal:dma_0|control_slave:control|oReaddata[16]        ; pre-synthesis ; missing ; Top            ; post-synthesis    ; GND               ; The name does not exist in your design or refers to an invalid hierarchy or bus element.  You may have modified your design after creating the debug instance. ;
; System:u0|DMAFinal:dma_0|control_slave:control|oReaddata[17]        ; pre-synthesis ; missing ; Top            ; post-synthesis    ; GND               ; The name does not exist in your design or refers to an invalid hierarchy or bus element.  You may have modified your design after creating the debug instance. ;
; System:u0|DMAFinal:dma_0|control_slave:control|oReaddata[17]        ; pre-synthesis ; missing ; Top            ; post-synthesis    ; GND               ; The name does not exist in your design or refers to an invalid hierarchy or bus element.  You may have modified your design after creating the debug instance. ;
; System:u0|DMAFinal:dma_0|control_slave:control|oReaddata[18]        ; pre-synthesis ; missing ; Top            ; post-synthesis    ; GND               ; The name does not exist in your design or refers to an invalid hierarchy or bus element.  You may have modified your design after creating the debug instance. ;
; System:u0|DMAFinal:dma_0|control_slave:control|oReaddata[18]        ; pre-synthesis ; missing ; Top            ; post-synthesis    ; GND               ; The name does not exist in your design or refers to an invalid hierarchy or bus element.  You may have modified your design after creating the debug instance. ;
; System:u0|DMAFinal:dma_0|control_slave:control|oReaddata[19]        ; pre-synthesis ; missing ; Top            ; post-synthesis    ; GND               ; The name does not exist in your design or refers to an invalid hierarchy or bus element.  You may have modified your design after creating the debug instance. ;
; System:u0|DMAFinal:dma_0|control_slave:control|oReaddata[19]        ; pre-synthesis ; missing ; Top            ; post-synthesis    ; GND               ; The name does not exist in your design or refers to an invalid hierarchy or bus element.  You may have modified your design after creating the debug instance. ;
; System:u0|DMAFinal:dma_0|control_slave:control|oReaddata[1]         ; pre-synthesis ; missing ; Top            ; post-synthesis    ; GND               ; The name does not exist in your design or refers to an invalid hierarchy or bus element.  You may have modified your design after creating the debug instance. ;
; System:u0|DMAFinal:dma_0|control_slave:control|oReaddata[1]         ; pre-synthesis ; missing ; Top            ; post-synthesis    ; GND               ; The name does not exist in your design or refers to an invalid hierarchy or bus element.  You may have modified your design after creating the debug instance. ;
; System:u0|DMAFinal:dma_0|control_slave:control|oReaddata[20]        ; pre-synthesis ; missing ; Top            ; post-synthesis    ; GND               ; The name does not exist in your design or refers to an invalid hierarchy or bus element.  You may have modified your design after creating the debug instance. ;
; System:u0|DMAFinal:dma_0|control_slave:control|oReaddata[20]        ; pre-synthesis ; missing ; Top            ; post-synthesis    ; GND               ; The name does not exist in your design or refers to an invalid hierarchy or bus element.  You may have modified your design after creating the debug instance. ;
; System:u0|DMAFinal:dma_0|control_slave:control|oReaddata[21]        ; pre-synthesis ; missing ; Top            ; post-synthesis    ; GND               ; The name does not exist in your design or refers to an invalid hierarchy or bus element.  You may have modified your design after creating the debug instance. ;
; System:u0|DMAFinal:dma_0|control_slave:control|oReaddata[21]        ; pre-synthesis ; missing ; Top            ; post-synthesis    ; GND               ; The name does not exist in your design or refers to an invalid hierarchy or bus element.  You may have modified your design after creating the debug instance. ;
; System:u0|DMAFinal:dma_0|control_slave:control|oReaddata[22]        ; pre-synthesis ; missing ; Top            ; post-synthesis    ; GND               ; The name does not exist in your design or refers to an invalid hierarchy or bus element.  You may have modified your design after creating the debug instance. ;
; System:u0|DMAFinal:dma_0|control_slave:control|oReaddata[22]        ; pre-synthesis ; missing ; Top            ; post-synthesis    ; GND               ; The name does not exist in your design or refers to an invalid hierarchy or bus element.  You may have modified your design after creating the debug instance. ;
; System:u0|DMAFinal:dma_0|control_slave:control|oReaddata[23]        ; pre-synthesis ; missing ; Top            ; post-synthesis    ; GND               ; The name does not exist in your design or refers to an invalid hierarchy or bus element.  You may have modified your design after creating the debug instance. ;
; System:u0|DMAFinal:dma_0|control_slave:control|oReaddata[23]        ; pre-synthesis ; missing ; Top            ; post-synthesis    ; GND               ; The name does not exist in your design or refers to an invalid hierarchy or bus element.  You may have modified your design after creating the debug instance. ;
; System:u0|DMAFinal:dma_0|control_slave:control|oReaddata[24]        ; pre-synthesis ; missing ; Top            ; post-synthesis    ; GND               ; The name does not exist in your design or refers to an invalid hierarchy or bus element.  You may have modified your design after creating the debug instance. ;
; System:u0|DMAFinal:dma_0|control_slave:control|oReaddata[24]        ; pre-synthesis ; missing ; Top            ; post-synthesis    ; GND               ; The name does not exist in your design or refers to an invalid hierarchy or bus element.  You may have modified your design after creating the debug instance. ;
; System:u0|DMAFinal:dma_0|control_slave:control|oReaddata[25]        ; pre-synthesis ; missing ; Top            ; post-synthesis    ; GND               ; The name does not exist in your design or refers to an invalid hierarchy or bus element.  You may have modified your design after creating the debug instance. ;
; System:u0|DMAFinal:dma_0|control_slave:control|oReaddata[25]        ; pre-synthesis ; missing ; Top            ; post-synthesis    ; GND               ; The name does not exist in your design or refers to an invalid hierarchy or bus element.  You may have modified your design after creating the debug instance. ;
; System:u0|DMAFinal:dma_0|control_slave:control|oReaddata[26]        ; pre-synthesis ; missing ; Top            ; post-synthesis    ; GND               ; The name does not exist in your design or refers to an invalid hierarchy or bus element.  You may have modified your design after creating the debug instance. ;
; System:u0|DMAFinal:dma_0|control_slave:control|oReaddata[26]        ; pre-synthesis ; missing ; Top            ; post-synthesis    ; GND               ; The name does not exist in your design or refers to an invalid hierarchy or bus element.  You may have modified your design after creating the debug instance. ;
; System:u0|DMAFinal:dma_0|control_slave:control|oReaddata[27]        ; pre-synthesis ; missing ; Top            ; post-synthesis    ; GND               ; The name does not exist in your design or refers to an invalid hierarchy or bus element.  You may have modified your design after creating the debug instance. ;
; System:u0|DMAFinal:dma_0|control_slave:control|oReaddata[27]        ; pre-synthesis ; missing ; Top            ; post-synthesis    ; GND               ; The name does not exist in your design or refers to an invalid hierarchy or bus element.  You may have modified your design after creating the debug instance. ;
; System:u0|DMAFinal:dma_0|control_slave:control|oReaddata[28]        ; pre-synthesis ; missing ; Top            ; post-synthesis    ; GND               ; The name does not exist in your design or refers to an invalid hierarchy or bus element.  You may have modified your design after creating the debug instance. ;
; System:u0|DMAFinal:dma_0|control_slave:control|oReaddata[28]        ; pre-synthesis ; missing ; Top            ; post-synthesis    ; GND               ; The name does not exist in your design or refers to an invalid hierarchy or bus element.  You may have modified your design after creating the debug instance. ;
; System:u0|DMAFinal:dma_0|control_slave:control|oReaddata[29]        ; pre-synthesis ; missing ; Top            ; post-synthesis    ; GND               ; The name does not exist in your design or refers to an invalid hierarchy or bus element.  You may have modified your design after creating the debug instance. ;
; System:u0|DMAFinal:dma_0|control_slave:control|oReaddata[29]        ; pre-synthesis ; missing ; Top            ; post-synthesis    ; GND               ; The name does not exist in your design or refers to an invalid hierarchy or bus element.  You may have modified your design after creating the debug instance. ;
; System:u0|DMAFinal:dma_0|control_slave:control|oReaddata[2]         ; pre-synthesis ; missing ; Top            ; post-synthesis    ; GND               ; The name does not exist in your design or refers to an invalid hierarchy or bus element.  You may have modified your design after creating the debug instance. ;
; System:u0|DMAFinal:dma_0|control_slave:control|oReaddata[2]         ; pre-synthesis ; missing ; Top            ; post-synthesis    ; GND               ; The name does not exist in your design or refers to an invalid hierarchy or bus element.  You may have modified your design after creating the debug instance. ;
; System:u0|DMAFinal:dma_0|control_slave:control|oReaddata[30]        ; pre-synthesis ; missing ; Top            ; post-synthesis    ; GND               ; The name does not exist in your design or refers to an invalid hierarchy or bus element.  You may have modified your design after creating the debug instance. ;
; System:u0|DMAFinal:dma_0|control_slave:control|oReaddata[30]        ; pre-synthesis ; missing ; Top            ; post-synthesis    ; GND               ; The name does not exist in your design or refers to an invalid hierarchy or bus element.  You may have modified your design after creating the debug instance. ;
; System:u0|DMAFinal:dma_0|control_slave:control|oReaddata[31]        ; pre-synthesis ; missing ; Top            ; post-synthesis    ; GND               ; The name does not exist in your design or refers to an invalid hierarchy or bus element.  You may have modified your design after creating the debug instance. ;
; System:u0|DMAFinal:dma_0|control_slave:control|oReaddata[31]        ; pre-synthesis ; missing ; Top            ; post-synthesis    ; GND               ; The name does not exist in your design or refers to an invalid hierarchy or bus element.  You may have modified your design after creating the debug instance. ;
; System:u0|DMAFinal:dma_0|control_slave:control|oReaddata[3]         ; pre-synthesis ; missing ; Top            ; post-synthesis    ; GND               ; The name does not exist in your design or refers to an invalid hierarchy or bus element.  You may have modified your design after creating the debug instance. ;
; System:u0|DMAFinal:dma_0|control_slave:control|oReaddata[3]         ; pre-synthesis ; missing ; Top            ; post-synthesis    ; GND               ; The name does not exist in your design or refers to an invalid hierarchy or bus element.  You may have modified your design after creating the debug instance. ;
; System:u0|DMAFinal:dma_0|control_slave:control|oReaddata[4]         ; pre-synthesis ; missing ; Top            ; post-synthesis    ; GND               ; The name does not exist in your design or refers to an invalid hierarchy or bus element.  You may have modified your design after creating the debug instance. ;
; System:u0|DMAFinal:dma_0|control_slave:control|oReaddata[4]         ; pre-synthesis ; missing ; Top            ; post-synthesis    ; GND               ; The name does not exist in your design or refers to an invalid hierarchy or bus element.  You may have modified your design after creating the debug instance. ;
; System:u0|DMAFinal:dma_0|control_slave:control|oReaddata[5]         ; pre-synthesis ; missing ; Top            ; post-synthesis    ; GND               ; The name does not exist in your design or refers to an invalid hierarchy or bus element.  You may have modified your design after creating the debug instance. ;
; System:u0|DMAFinal:dma_0|control_slave:control|oReaddata[5]         ; pre-synthesis ; missing ; Top            ; post-synthesis    ; GND               ; The name does not exist in your design or refers to an invalid hierarchy or bus element.  You may have modified your design after creating the debug instance. ;
; System:u0|DMAFinal:dma_0|control_slave:control|oReaddata[6]         ; pre-synthesis ; missing ; Top            ; post-synthesis    ; GND               ; The name does not exist in your design or refers to an invalid hierarchy or bus element.  You may have modified your design after creating the debug instance. ;
; System:u0|DMAFinal:dma_0|control_slave:control|oReaddata[6]         ; pre-synthesis ; missing ; Top            ; post-synthesis    ; GND               ; The name does not exist in your design or refers to an invalid hierarchy or bus element.  You may have modified your design after creating the debug instance. ;
; System:u0|DMAFinal:dma_0|control_slave:control|oReaddata[7]         ; pre-synthesis ; missing ; Top            ; post-synthesis    ; GND               ; The name does not exist in your design or refers to an invalid hierarchy or bus element.  You may have modified your design after creating the debug instance. ;
; System:u0|DMAFinal:dma_0|control_slave:control|oReaddata[7]         ; pre-synthesis ; missing ; Top            ; post-synthesis    ; GND               ; The name does not exist in your design or refers to an invalid hierarchy or bus element.  You may have modified your design after creating the debug instance. ;
; System:u0|DMAFinal:dma_0|control_slave:control|oReaddata[8]         ; pre-synthesis ; missing ; Top            ; post-synthesis    ; GND               ; The name does not exist in your design or refers to an invalid hierarchy or bus element.  You may have modified your design after creating the debug instance. ;
; System:u0|DMAFinal:dma_0|control_slave:control|oReaddata[8]         ; pre-synthesis ; missing ; Top            ; post-synthesis    ; GND               ; The name does not exist in your design or refers to an invalid hierarchy or bus element.  You may have modified your design after creating the debug instance. ;
; System:u0|DMAFinal:dma_0|control_slave:control|oReaddata[9]         ; pre-synthesis ; missing ; Top            ; post-synthesis    ; GND               ; The name does not exist in your design or refers to an invalid hierarchy or bus element.  You may have modified your design after creating the debug instance. ;
; System:u0|DMAFinal:dma_0|control_slave:control|oReaddata[9]         ; pre-synthesis ; missing ; Top            ; post-synthesis    ; GND               ; The name does not exist in your design or refers to an invalid hierarchy or bus element.  You may have modified your design after creating the debug instance. ;
; System:u0|DMAFinal:dma_0|control_slave:control|oStart               ; pre-synthesis ; missing ; Top            ; post-synthesis    ; GND               ; The name does not exist in your design or refers to an invalid hierarchy or bus element.  You may have modified your design after creating the debug instance. ;
; System:u0|DMAFinal:dma_0|control_slave:control|oStart               ; pre-synthesis ; missing ; Top            ; post-synthesis    ; GND               ; The name does not exist in your design or refers to an invalid hierarchy or bus element.  You may have modified your design after creating the debug instance. ;
; System:u0|DMAFinal:dma_0|control_slave:control|status[0]            ; pre-synthesis ; missing ; Top            ; post-synthesis    ; GND               ; The name does not exist in your design or refers to an invalid hierarchy or bus element.  You may have modified your design after creating the debug instance. ;
; System:u0|DMAFinal:dma_0|control_slave:control|status[0]            ; pre-synthesis ; missing ; Top            ; post-synthesis    ; GND               ; The name does not exist in your design or refers to an invalid hierarchy or bus element.  You may have modified your design after creating the debug instance. ;
; System:u0|DMAFinal:dma_0|control_slave:control|status[10]           ; pre-synthesis ; missing ; Top            ; post-synthesis    ; GND               ; The name does not exist in your design or refers to an invalid hierarchy or bus element.  You may have modified your design after creating the debug instance. ;
; System:u0|DMAFinal:dma_0|control_slave:control|status[10]           ; pre-synthesis ; missing ; Top            ; post-synthesis    ; GND               ; The name does not exist in your design or refers to an invalid hierarchy or bus element.  You may have modified your design after creating the debug instance. ;
; System:u0|DMAFinal:dma_0|control_slave:control|status[11]           ; pre-synthesis ; missing ; Top            ; post-synthesis    ; GND               ; The name does not exist in your design or refers to an invalid hierarchy or bus element.  You may have modified your design after creating the debug instance. ;
; System:u0|DMAFinal:dma_0|control_slave:control|status[11]           ; pre-synthesis ; missing ; Top            ; post-synthesis    ; GND               ; The name does not exist in your design or refers to an invalid hierarchy or bus element.  You may have modified your design after creating the debug instance. ;
; System:u0|DMAFinal:dma_0|control_slave:control|status[12]           ; pre-synthesis ; missing ; Top            ; post-synthesis    ; GND               ; The name does not exist in your design or refers to an invalid hierarchy or bus element.  You may have modified your design after creating the debug instance. ;
; System:u0|DMAFinal:dma_0|control_slave:control|status[12]           ; pre-synthesis ; missing ; Top            ; post-synthesis    ; GND               ; The name does not exist in your design or refers to an invalid hierarchy or bus element.  You may have modified your design after creating the debug instance. ;
; System:u0|DMAFinal:dma_0|control_slave:control|status[13]           ; pre-synthesis ; missing ; Top            ; post-synthesis    ; GND               ; The name does not exist in your design or refers to an invalid hierarchy or bus element.  You may have modified your design after creating the debug instance. ;
; System:u0|DMAFinal:dma_0|control_slave:control|status[13]           ; pre-synthesis ; missing ; Top            ; post-synthesis    ; GND               ; The name does not exist in your design or refers to an invalid hierarchy or bus element.  You may have modified your design after creating the debug instance. ;
; System:u0|DMAFinal:dma_0|control_slave:control|status[14]           ; pre-synthesis ; missing ; Top            ; post-synthesis    ; GND               ; The name does not exist in your design or refers to an invalid hierarchy or bus element.  You may have modified your design after creating the debug instance. ;
; System:u0|DMAFinal:dma_0|control_slave:control|status[14]           ; pre-synthesis ; missing ; Top            ; post-synthesis    ; GND               ; The name does not exist in your design or refers to an invalid hierarchy or bus element.  You may have modified your design after creating the debug instance. ;
; System:u0|DMAFinal:dma_0|control_slave:control|status[15]           ; pre-synthesis ; missing ; Top            ; post-synthesis    ; GND               ; The name does not exist in your design or refers to an invalid hierarchy or bus element.  You may have modified your design after creating the debug instance. ;
; System:u0|DMAFinal:dma_0|control_slave:control|status[15]           ; pre-synthesis ; missing ; Top            ; post-synthesis    ; GND               ; The name does not exist in your design or refers to an invalid hierarchy or bus element.  You may have modified your design after creating the debug instance. ;
; System:u0|DMAFinal:dma_0|control_slave:control|status[16]           ; pre-synthesis ; missing ; Top            ; post-synthesis    ; GND               ; The name does not exist in your design or refers to an invalid hierarchy or bus element.  You may have modified your design after creating the debug instance. ;
; System:u0|DMAFinal:dma_0|control_slave:control|status[16]           ; pre-synthesis ; missing ; Top            ; post-synthesis    ; GND               ; The name does not exist in your design or refers to an invalid hierarchy or bus element.  You may have modified your design after creating the debug instance. ;
; System:u0|DMAFinal:dma_0|control_slave:control|status[17]           ; pre-synthesis ; missing ; Top            ; post-synthesis    ; GND               ; The name does not exist in your design or refers to an invalid hierarchy or bus element.  You may have modified your design after creating the debug instance. ;
; System:u0|DMAFinal:dma_0|control_slave:control|status[17]           ; pre-synthesis ; missing ; Top            ; post-synthesis    ; GND               ; The name does not exist in your design or refers to an invalid hierarchy or bus element.  You may have modified your design after creating the debug instance. ;
; System:u0|DMAFinal:dma_0|control_slave:control|status[18]           ; pre-synthesis ; missing ; Top            ; post-synthesis    ; GND               ; The name does not exist in your design or refers to an invalid hierarchy or bus element.  You may have modified your design after creating the debug instance. ;
; System:u0|DMAFinal:dma_0|control_slave:control|status[18]           ; pre-synthesis ; missing ; Top            ; post-synthesis    ; GND               ; The name does not exist in your design or refers to an invalid hierarchy or bus element.  You may have modified your design after creating the debug instance. ;
; System:u0|DMAFinal:dma_0|control_slave:control|status[19]           ; pre-synthesis ; missing ; Top            ; post-synthesis    ; GND               ; The name does not exist in your design or refers to an invalid hierarchy or bus element.  You may have modified your design after creating the debug instance. ;
; System:u0|DMAFinal:dma_0|control_slave:control|status[19]           ; pre-synthesis ; missing ; Top            ; post-synthesis    ; GND               ; The name does not exist in your design or refers to an invalid hierarchy or bus element.  You may have modified your design after creating the debug instance. ;
; System:u0|DMAFinal:dma_0|control_slave:control|status[1]            ; pre-synthesis ; missing ; Top            ; post-synthesis    ; GND               ; The name does not exist in your design or refers to an invalid hierarchy or bus element.  You may have modified your design after creating the debug instance. ;
; System:u0|DMAFinal:dma_0|control_slave:control|status[1]            ; pre-synthesis ; missing ; Top            ; post-synthesis    ; GND               ; The name does not exist in your design or refers to an invalid hierarchy or bus element.  You may have modified your design after creating the debug instance. ;
; System:u0|DMAFinal:dma_0|control_slave:control|status[20]           ; pre-synthesis ; missing ; Top            ; post-synthesis    ; GND               ; The name does not exist in your design or refers to an invalid hierarchy or bus element.  You may have modified your design after creating the debug instance. ;
; System:u0|DMAFinal:dma_0|control_slave:control|status[20]           ; pre-synthesis ; missing ; Top            ; post-synthesis    ; GND               ; The name does not exist in your design or refers to an invalid hierarchy or bus element.  You may have modified your design after creating the debug instance. ;
; System:u0|DMAFinal:dma_0|control_slave:control|status[21]           ; pre-synthesis ; missing ; Top            ; post-synthesis    ; GND               ; The name does not exist in your design or refers to an invalid hierarchy or bus element.  You may have modified your design after creating the debug instance. ;
; System:u0|DMAFinal:dma_0|control_slave:control|status[21]           ; pre-synthesis ; missing ; Top            ; post-synthesis    ; GND               ; The name does not exist in your design or refers to an invalid hierarchy or bus element.  You may have modified your design after creating the debug instance. ;
; System:u0|DMAFinal:dma_0|control_slave:control|status[22]           ; pre-synthesis ; missing ; Top            ; post-synthesis    ; GND               ; The name does not exist in your design or refers to an invalid hierarchy or bus element.  You may have modified your design after creating the debug instance. ;
; System:u0|DMAFinal:dma_0|control_slave:control|status[22]           ; pre-synthesis ; missing ; Top            ; post-synthesis    ; GND               ; The name does not exist in your design or refers to an invalid hierarchy or bus element.  You may have modified your design after creating the debug instance. ;
; System:u0|DMAFinal:dma_0|control_slave:control|status[23]           ; pre-synthesis ; missing ; Top            ; post-synthesis    ; GND               ; The name does not exist in your design or refers to an invalid hierarchy or bus element.  You may have modified your design after creating the debug instance. ;
; System:u0|DMAFinal:dma_0|control_slave:control|status[23]           ; pre-synthesis ; missing ; Top            ; post-synthesis    ; GND               ; The name does not exist in your design or refers to an invalid hierarchy or bus element.  You may have modified your design after creating the debug instance. ;
; System:u0|DMAFinal:dma_0|control_slave:control|status[24]           ; pre-synthesis ; missing ; Top            ; post-synthesis    ; GND               ; The name does not exist in your design or refers to an invalid hierarchy or bus element.  You may have modified your design after creating the debug instance. ;
; System:u0|DMAFinal:dma_0|control_slave:control|status[24]           ; pre-synthesis ; missing ; Top            ; post-synthesis    ; GND               ; The name does not exist in your design or refers to an invalid hierarchy or bus element.  You may have modified your design after creating the debug instance. ;
; System:u0|DMAFinal:dma_0|control_slave:control|status[25]           ; pre-synthesis ; missing ; Top            ; post-synthesis    ; GND               ; The name does not exist in your design or refers to an invalid hierarchy or bus element.  You may have modified your design after creating the debug instance. ;
; System:u0|DMAFinal:dma_0|control_slave:control|status[25]           ; pre-synthesis ; missing ; Top            ; post-synthesis    ; GND               ; The name does not exist in your design or refers to an invalid hierarchy or bus element.  You may have modified your design after creating the debug instance. ;
; System:u0|DMAFinal:dma_0|control_slave:control|status[26]           ; pre-synthesis ; missing ; Top            ; post-synthesis    ; GND               ; The name does not exist in your design or refers to an invalid hierarchy or bus element.  You may have modified your design after creating the debug instance. ;
; System:u0|DMAFinal:dma_0|control_slave:control|status[26]           ; pre-synthesis ; missing ; Top            ; post-synthesis    ; GND               ; The name does not exist in your design or refers to an invalid hierarchy or bus element.  You may have modified your design after creating the debug instance. ;
; System:u0|DMAFinal:dma_0|control_slave:control|status[27]           ; pre-synthesis ; missing ; Top            ; post-synthesis    ; GND               ; The name does not exist in your design or refers to an invalid hierarchy or bus element.  You may have modified your design after creating the debug instance. ;
; System:u0|DMAFinal:dma_0|control_slave:control|status[27]           ; pre-synthesis ; missing ; Top            ; post-synthesis    ; GND               ; The name does not exist in your design or refers to an invalid hierarchy or bus element.  You may have modified your design after creating the debug instance. ;
; System:u0|DMAFinal:dma_0|control_slave:control|status[28]           ; pre-synthesis ; missing ; Top            ; post-synthesis    ; GND               ; The name does not exist in your design or refers to an invalid hierarchy or bus element.  You may have modified your design after creating the debug instance. ;
; System:u0|DMAFinal:dma_0|control_slave:control|status[28]           ; pre-synthesis ; missing ; Top            ; post-synthesis    ; GND               ; The name does not exist in your design or refers to an invalid hierarchy or bus element.  You may have modified your design after creating the debug instance. ;
; System:u0|DMAFinal:dma_0|control_slave:control|status[29]           ; pre-synthesis ; missing ; Top            ; post-synthesis    ; GND               ; The name does not exist in your design or refers to an invalid hierarchy or bus element.  You may have modified your design after creating the debug instance. ;
; System:u0|DMAFinal:dma_0|control_slave:control|status[29]           ; pre-synthesis ; missing ; Top            ; post-synthesis    ; GND               ; The name does not exist in your design or refers to an invalid hierarchy or bus element.  You may have modified your design after creating the debug instance. ;
; System:u0|DMAFinal:dma_0|control_slave:control|status[2]            ; pre-synthesis ; missing ; Top            ; post-synthesis    ; GND               ; The name does not exist in your design or refers to an invalid hierarchy or bus element.  You may have modified your design after creating the debug instance. ;
; System:u0|DMAFinal:dma_0|control_slave:control|status[2]            ; pre-synthesis ; missing ; Top            ; post-synthesis    ; GND               ; The name does not exist in your design or refers to an invalid hierarchy or bus element.  You may have modified your design after creating the debug instance. ;
; System:u0|DMAFinal:dma_0|control_slave:control|status[30]           ; pre-synthesis ; missing ; Top            ; post-synthesis    ; GND               ; The name does not exist in your design or refers to an invalid hierarchy or bus element.  You may have modified your design after creating the debug instance. ;
; System:u0|DMAFinal:dma_0|control_slave:control|status[30]           ; pre-synthesis ; missing ; Top            ; post-synthesis    ; GND               ; The name does not exist in your design or refers to an invalid hierarchy or bus element.  You may have modified your design after creating the debug instance. ;
; System:u0|DMAFinal:dma_0|control_slave:control|status[31]           ; pre-synthesis ; missing ; Top            ; post-synthesis    ; GND               ; The name does not exist in your design or refers to an invalid hierarchy or bus element.  You may have modified your design after creating the debug instance. ;
; System:u0|DMAFinal:dma_0|control_slave:control|status[31]           ; pre-synthesis ; missing ; Top            ; post-synthesis    ; GND               ; The name does not exist in your design or refers to an invalid hierarchy or bus element.  You may have modified your design after creating the debug instance. ;
; System:u0|DMAFinal:dma_0|control_slave:control|status[3]            ; pre-synthesis ; missing ; Top            ; post-synthesis    ; GND               ; The name does not exist in your design or refers to an invalid hierarchy or bus element.  You may have modified your design after creating the debug instance. ;
; System:u0|DMAFinal:dma_0|control_slave:control|status[3]            ; pre-synthesis ; missing ; Top            ; post-synthesis    ; GND               ; The name does not exist in your design or refers to an invalid hierarchy or bus element.  You may have modified your design after creating the debug instance. ;
; System:u0|DMAFinal:dma_0|control_slave:control|status[4]            ; pre-synthesis ; missing ; Top            ; post-synthesis    ; GND               ; The name does not exist in your design or refers to an invalid hierarchy or bus element.  You may have modified your design after creating the debug instance. ;
; System:u0|DMAFinal:dma_0|control_slave:control|status[4]            ; pre-synthesis ; missing ; Top            ; post-synthesis    ; GND               ; The name does not exist in your design or refers to an invalid hierarchy or bus element.  You may have modified your design after creating the debug instance. ;
; System:u0|DMAFinal:dma_0|control_slave:control|status[5]            ; pre-synthesis ; missing ; Top            ; post-synthesis    ; GND               ; The name does not exist in your design or refers to an invalid hierarchy or bus element.  You may have modified your design after creating the debug instance. ;
; System:u0|DMAFinal:dma_0|control_slave:control|status[5]            ; pre-synthesis ; missing ; Top            ; post-synthesis    ; GND               ; The name does not exist in your design or refers to an invalid hierarchy or bus element.  You may have modified your design after creating the debug instance. ;
; System:u0|DMAFinal:dma_0|control_slave:control|status[6]            ; pre-synthesis ; missing ; Top            ; post-synthesis    ; GND               ; The name does not exist in your design or refers to an invalid hierarchy or bus element.  You may have modified your design after creating the debug instance. ;
; System:u0|DMAFinal:dma_0|control_slave:control|status[6]            ; pre-synthesis ; missing ; Top            ; post-synthesis    ; GND               ; The name does not exist in your design or refers to an invalid hierarchy or bus element.  You may have modified your design after creating the debug instance. ;
; System:u0|DMAFinal:dma_0|control_slave:control|status[7]            ; pre-synthesis ; missing ; Top            ; post-synthesis    ; GND               ; The name does not exist in your design or refers to an invalid hierarchy or bus element.  You may have modified your design after creating the debug instance. ;
; System:u0|DMAFinal:dma_0|control_slave:control|status[7]            ; pre-synthesis ; missing ; Top            ; post-synthesis    ; GND               ; The name does not exist in your design or refers to an invalid hierarchy or bus element.  You may have modified your design after creating the debug instance. ;
; System:u0|DMAFinal:dma_0|control_slave:control|status[8]            ; pre-synthesis ; missing ; Top            ; post-synthesis    ; GND               ; The name does not exist in your design or refers to an invalid hierarchy or bus element.  You may have modified your design after creating the debug instance. ;
; System:u0|DMAFinal:dma_0|control_slave:control|status[8]            ; pre-synthesis ; missing ; Top            ; post-synthesis    ; GND               ; The name does not exist in your design or refers to an invalid hierarchy or bus element.  You may have modified your design after creating the debug instance. ;
; System:u0|DMAFinal:dma_0|control_slave:control|status[9]            ; pre-synthesis ; missing ; Top            ; post-synthesis    ; GND               ; The name does not exist in your design or refers to an invalid hierarchy or bus element.  You may have modified your design after creating the debug instance. ;
; System:u0|DMAFinal:dma_0|control_slave:control|status[9]            ; pre-synthesis ; missing ; Top            ; post-synthesis    ; GND               ; The name does not exist in your design or refers to an invalid hierarchy or bus element.  You may have modified your design after creating the debug instance. ;
+---------------------------------------------------------------------+---------------+---------+----------------+-------------------+-------------------+----------------------------------------------------------------------------------------------------------------------------------------------------------------+


+-------------------------------+
; Analysis & Synthesis Messages ;
+-------------------------------+
Info: *******************************************************************
Info: Running Quartus II 64-Bit Analysis & Synthesis
    Info: Version 13.0.1 Build 232 06/12/2013 Service Pack 1 SJ Web Edition
    Info: Processing started: Wed Jan 07 21:38:15 2026
Info: Command: quartus_map --read_settings_files=on --write_settings_files=off DMA -c DMA
Info (11104): Parallel Compilation has detected 12 hyper-threaded processors. However, the extra hyper-threaded processors will not be used by default. Parallel Compilation will use 6 of the 6 physical processors detected instead.
Info (12021): Found 1 design units, including 1 entities, in source file system/synthesis/system.v
    Info (12023): Found entity 1: System
Info (12021): Found 1 design units, including 1 entities, in source file system/synthesis/submodules/system_irq_mapper.sv
    Info (12023): Found entity 1: System_irq_mapper
Info (12021): Found 2 design units, including 2 entities, in source file system/synthesis/submodules/altera_merlin_arbitrator.sv
    Info (12023): Found entity 1: altera_merlin_arbitrator
    Info (12023): Found entity 2: altera_merlin_arb_adder
Info (12021): Found 1 design units, including 1 entities, in source file system/synthesis/submodules/system_rsp_xbar_mux_001.sv
    Info (12023): Found entity 1: System_rsp_xbar_mux_001
Info (12021): Found 1 design units, including 1 entities, in source file system/synthesis/submodules/system_rsp_xbar_mux.sv
    Info (12023): Found entity 1: System_rsp_xbar_mux
Info (12021): Found 1 design units, including 1 entities, in source file system/synthesis/submodules/system_rsp_xbar_demux_001.sv
    Info (12023): Found entity 1: System_rsp_xbar_demux_001
Info (12021): Found 1 design units, including 1 entities, in source file system/synthesis/submodules/system_rsp_xbar_demux.sv
    Info (12023): Found entity 1: System_rsp_xbar_demux
Info (12021): Found 1 design units, including 1 entities, in source file system/synthesis/submodules/system_cmd_xbar_mux_001.sv
    Info (12023): Found entity 1: System_cmd_xbar_mux_001
Info (12021): Found 1 design units, including 1 entities, in source file system/synthesis/submodules/system_cmd_xbar_mux.sv
    Info (12023): Found entity 1: System_cmd_xbar_mux
Info (12021): Found 1 design units, including 1 entities, in source file system/synthesis/submodules/system_cmd_xbar_demux_002.sv
    Info (12023): Found entity 1: System_cmd_xbar_demux_002
Info (12021): Found 1 design units, including 1 entities, in source file system/synthesis/submodules/system_cmd_xbar_demux_001.sv
    Info (12023): Found entity 1: System_cmd_xbar_demux_001
Info (12021): Found 1 design units, including 1 entities, in source file system/synthesis/submodules/system_cmd_xbar_demux.sv
    Info (12023): Found entity 1: System_cmd_xbar_demux
Info (12021): Found 1 design units, including 1 entities, in source file system/synthesis/submodules/altera_reset_controller.v
    Info (12023): Found entity 1: altera_reset_controller
Info (12021): Found 1 design units, including 1 entities, in source file system/synthesis/submodules/altera_reset_synchronizer.v
    Info (12023): Found entity 1: altera_reset_synchronizer
Info (12021): Found 2 design units, including 2 entities, in source file system/synthesis/submodules/system_id_router_004.sv
    Info (12023): Found entity 1: System_id_router_004_default_decode
    Info (12023): Found entity 2: System_id_router_004
Info (12021): Found 2 design units, including 2 entities, in source file system/synthesis/submodules/system_id_router_002.sv
    Info (12023): Found entity 1: System_id_router_002_default_decode
    Info (12023): Found entity 2: System_id_router_002
Info (12021): Found 2 design units, including 2 entities, in source file system/synthesis/submodules/system_id_router_001.sv
    Info (12023): Found entity 1: System_id_router_001_default_decode
    Info (12023): Found entity 2: System_id_router_001
Info (12021): Found 2 design units, including 2 entities, in source file system/synthesis/submodules/system_id_router.sv
    Info (12023): Found entity 1: System_id_router_default_decode
    Info (12023): Found entity 2: System_id_router
Info (12021): Found 2 design units, including 2 entities, in source file system/synthesis/submodules/system_addr_router_003.sv
    Info (12023): Found entity 1: System_addr_router_003_default_decode
    Info (12023): Found entity 2: System_addr_router_003
Info (12021): Found 2 design units, including 2 entities, in source file system/synthesis/submodules/system_addr_router_002.sv
    Info (12023): Found entity 1: System_addr_router_002_default_decode
    Info (12023): Found entity 2: System_addr_router_002
Info (12021): Found 2 design units, including 2 entities, in source file system/synthesis/submodules/system_addr_router_001.sv
    Info (12023): Found entity 1: System_addr_router_001_default_decode
    Info (12023): Found entity 2: System_addr_router_001
Info (12021): Found 2 design units, including 2 entities, in source file system/synthesis/submodules/system_addr_router.sv
    Info (12023): Found entity 1: System_addr_router_default_decode
    Info (12023): Found entity 2: System_addr_router
Info (12021): Found 1 design units, including 1 entities, in source file system/synthesis/submodules/altera_avalon_sc_fifo.v
    Info (12023): Found entity 1: altera_avalon_sc_fifo
Info (12021): Found 1 design units, including 1 entities, in source file system/synthesis/submodules/altera_merlin_slave_agent.sv
    Info (12023): Found entity 1: altera_merlin_slave_agent
Info (12021): Found 1 design units, including 1 entities, in source file system/synthesis/submodules/altera_merlin_burst_uncompressor.sv
    Info (12023): Found entity 1: altera_merlin_burst_uncompressor
Info (12021): Found 1 design units, including 1 entities, in source file system/synthesis/submodules/altera_merlin_master_agent.sv
    Info (12023): Found entity 1: altera_merlin_master_agent
Info (12021): Found 1 design units, including 1 entities, in source file system/synthesis/submodules/altera_merlin_slave_translator.sv
    Info (12023): Found entity 1: altera_merlin_slave_translator
Info (12021): Found 1 design units, including 1 entities, in source file system/synthesis/submodules/altera_merlin_master_translator.sv
    Info (12023): Found entity 1: altera_merlin_master_translator
Info (12021): Found 1 design units, including 1 entities, in source file system/synthesis/submodules/dmafinal.v
    Info (12023): Found entity 1: DMAFinal
Info (12021): Found 1 design units, including 1 entities, in source file system/synthesis/submodules/system_onchip_memory2_1.v
    Info (12023): Found entity 1: System_onchip_memory2_1
Info (12021): Found 5 design units, including 5 entities, in source file system/synthesis/submodules/system_jtag_uart_0.v
    Info (12023): Found entity 1: System_jtag_uart_0_sim_scfifo_w
    Info (12023): Found entity 2: System_jtag_uart_0_scfifo_w
    Info (12023): Found entity 3: System_jtag_uart_0_sim_scfifo_r
    Info (12023): Found entity 4: System_jtag_uart_0_scfifo_r
    Info (12023): Found entity 5: System_jtag_uart_0
Info (12021): Found 21 design units, including 21 entities, in source file system/synthesis/submodules/system_nios2_qsys_0.v
    Info (12023): Found entity 1: System_nios2_qsys_0_register_bank_a_module
    Info (12023): Found entity 2: System_nios2_qsys_0_register_bank_b_module
    Info (12023): Found entity 3: System_nios2_qsys_0_nios2_oci_debug
    Info (12023): Found entity 4: System_nios2_qsys_0_ociram_sp_ram_module
    Info (12023): Found entity 5: System_nios2_qsys_0_nios2_ocimem
    Info (12023): Found entity 6: System_nios2_qsys_0_nios2_avalon_reg
    Info (12023): Found entity 7: System_nios2_qsys_0_nios2_oci_break
    Info (12023): Found entity 8: System_nios2_qsys_0_nios2_oci_xbrk
    Info (12023): Found entity 9: System_nios2_qsys_0_nios2_oci_dbrk
    Info (12023): Found entity 10: System_nios2_qsys_0_nios2_oci_itrace
    Info (12023): Found entity 11: System_nios2_qsys_0_nios2_oci_td_mode
    Info (12023): Found entity 12: System_nios2_qsys_0_nios2_oci_dtrace
    Info (12023): Found entity 13: System_nios2_qsys_0_nios2_oci_compute_tm_count
    Info (12023): Found entity 14: System_nios2_qsys_0_nios2_oci_fifowp_inc
    Info (12023): Found entity 15: System_nios2_qsys_0_nios2_oci_fifocount_inc
    Info (12023): Found entity 16: System_nios2_qsys_0_nios2_oci_fifo
    Info (12023): Found entity 17: System_nios2_qsys_0_nios2_oci_pib
    Info (12023): Found entity 18: System_nios2_qsys_0_nios2_oci_im
    Info (12023): Found entity 19: System_nios2_qsys_0_nios2_performance_monitors
    Info (12023): Found entity 20: System_nios2_qsys_0_nios2_oci
    Info (12023): Found entity 21: System_nios2_qsys_0
Info (12021): Found 1 design units, including 1 entities, in source file system/synthesis/submodules/system_nios2_qsys_0_jtag_debug_module_sysclk.v
    Info (12023): Found entity 1: System_nios2_qsys_0_jtag_debug_module_sysclk
Info (12021): Found 1 design units, including 1 entities, in source file system/synthesis/submodules/system_nios2_qsys_0_jtag_debug_module_tck.v
    Info (12023): Found entity 1: System_nios2_qsys_0_jtag_debug_module_tck
Info (12021): Found 1 design units, including 1 entities, in source file system/synthesis/submodules/system_nios2_qsys_0_jtag_debug_module_wrapper.v
    Info (12023): Found entity 1: System_nios2_qsys_0_jtag_debug_module_wrapper
Info (12021): Found 1 design units, including 1 entities, in source file system/synthesis/submodules/system_nios2_qsys_0_oci_test_bench.v
    Info (12023): Found entity 1: System_nios2_qsys_0_oci_test_bench
Info (12021): Found 1 design units, including 1 entities, in source file system/synthesis/submodules/system_nios2_qsys_0_test_bench.v
    Info (12023): Found entity 1: System_nios2_qsys_0_test_bench
Info (12021): Found 1 design units, including 1 entities, in source file system/synthesis/submodules/system_onchip_memory2_0.v
    Info (12023): Found entity 1: System_onchip_memory2_0
Info (12021): Found 1 design units, including 1 entities, in source file write_master.v
    Info (12023): Found entity 1: write_master
Info (12021): Found 1 design units, including 1 entities, in source file read_master.v
    Info (12023): Found entity 1: read_master
Info (12021): Found 1 design units, including 1 entities, in source file fifo.v
    Info (12023): Found entity 1: FIFO
Info (12021): Found 1 design units, including 1 entities, in source file dmafinal.v
    Info (12023): Found entity 1: DMAFinal
Info (12021): Found 1 design units, including 1 entities, in source file dma.v
    Info (12023): Found entity 1: DMA
Info (12021): Found 1 design units, including 1 entities, in source file control_slave.v
    Info (12023): Found entity 1: control_slave
Warning (10236): Verilog HDL Implicit Net warning at DMAFinal.v(26): created implicit net for "start"
Warning (10236): Verilog HDL Implicit Net warning at DMAFinal.v(26): created implicit net for "start"
Warning (10037): Verilog HDL or VHDL warning at System_nios2_qsys_0.v(1567): conditional expression evaluates to a constant
Warning (10037): Verilog HDL or VHDL warning at System_nios2_qsys_0.v(1569): conditional expression evaluates to a constant
Warning (10037): Verilog HDL or VHDL warning at System_nios2_qsys_0.v(1725): conditional expression evaluates to a constant
Warning (10037): Verilog HDL or VHDL warning at System_nios2_qsys_0.v(2553): conditional expression evaluates to a constant
Info (12127): Elaborating entity "FIFO" for the top level hierarchy
Warning (10230): Verilog HDL assignment warning at FIFO.v(24): truncated value with size 32 to match size of target (8)
Warning (10230): Verilog HDL assignment warning at FIFO.v(35): truncated value with size 32 to match size of target (8)
Warning (10230): Verilog HDL assignment warning at FIFO.v(41): truncated value with size 32 to match size of target (1)
Info (12021): Found 1 design units, including 1 entities, in source file db/altsyncram_is14.tdf
    Info (12023): Found entity 1: altsyncram_is14
Info (12021): Found 1 design units, including 1 entities, in source file db/mux_aoc.tdf
    Info (12023): Found entity 1: mux_aoc
Info (12021): Found 1 design units, including 1 entities, in source file db/decode_rqf.tdf
    Info (12023): Found entity 1: decode_rqf
Info (12021): Found 1 design units, including 1 entities, in source file db/cntr_cdi.tdf
    Info (12023): Found entity 1: cntr_cdi
Info (12021): Found 1 design units, including 1 entities, in source file db/cmpr_ccc.tdf
    Info (12023): Found entity 1: cmpr_ccc
Info (12021): Found 1 design units, including 1 entities, in source file db/cntr_02j.tdf
    Info (12023): Found entity 1: cntr_02j
Info (12021): Found 1 design units, including 1 entities, in source file db/cntr_sbi.tdf
    Info (12023): Found entity 1: cntr_sbi
Info (12021): Found 1 design units, including 1 entities, in source file db/cmpr_8cc.tdf
    Info (12023): Found entity 1: cmpr_8cc
Info (12021): Found 1 design units, including 1 entities, in source file db/cntr_gui.tdf
    Info (12023): Found entity 1: cntr_gui
Info (12021): Found 1 design units, including 1 entities, in source file db/cmpr_5cc.tdf
    Info (12023): Found entity 1: cmpr_5cc
Info (12033): Analysis and Synthesis generated SignalTap II or debug node instance "auto_signaltap_0"
Warning (276020): Inferred RAM node "buffer_rtl_0" from synchronous design logic.  Pass-through logic has been added to match the read-during-write behavior of the original design.
Info (19000): Inferred 1 megafunctions from design logic
    Info (276029): Inferred altsyncram megafunction from the following design logic: "buffer_rtl_0" 
        Info (286033): Parameter OPERATION_MODE set to DUAL_PORT
        Info (286033): Parameter WIDTH_A set to 32
        Info (286033): Parameter WIDTHAD_A set to 8
        Info (286033): Parameter NUMWORDS_A set to 256
        Info (286033): Parameter WIDTH_B set to 32
        Info (286033): Parameter WIDTHAD_B set to 8
        Info (286033): Parameter NUMWORDS_B set to 256
        Info (286033): Parameter ADDRESS_ACLR_A set to NONE
        Info (286033): Parameter OUTDATA_REG_B set to UNREGISTERED
        Info (286033): Parameter ADDRESS_ACLR_B set to NONE
        Info (286033): Parameter OUTDATA_ACLR_B set to NONE
        Info (286033): Parameter ADDRESS_REG_B set to CLOCK0
        Info (286033): Parameter INDATA_ACLR_A set to NONE
        Info (286033): Parameter WRCONTROL_ACLR_A set to NONE
Info (12130): Elaborated megafunction instantiation "altsyncram:buffer_rtl_0"
Info (12133): Instantiated megafunction "altsyncram:buffer_rtl_0" with the following parameter:
    Info (12134): Parameter "OPERATION_MODE" = "DUAL_PORT"
    Info (12134): Parameter "WIDTH_A" = "32"
    Info (12134): Parameter "WIDTHAD_A" = "8"
    Info (12134): Parameter "NUMWORDS_A" = "256"
    Info (12134): Parameter "WIDTH_B" = "32"
    Info (12134): Parameter "WIDTHAD_B" = "8"
    Info (12134): Parameter "NUMWORDS_B" = "256"
    Info (12134): Parameter "ADDRESS_ACLR_A" = "NONE"
    Info (12134): Parameter "OUTDATA_REG_B" = "UNREGISTERED"
    Info (12134): Parameter "ADDRESS_ACLR_B" = "NONE"
    Info (12134): Parameter "OUTDATA_ACLR_B" = "NONE"
    Info (12134): Parameter "ADDRESS_REG_B" = "CLOCK0"
    Info (12134): Parameter "INDATA_ACLR_A" = "NONE"
    Info (12134): Parameter "WRCONTROL_ACLR_A" = "NONE"
Info (12021): Found 1 design units, including 1 entities, in source file db/altsyncram_1rd1.tdf
    Info (12023): Found entity 1: altsyncram_1rd1
Info (13000): Registers with preset signals will power-up high
Info (13003): DEV_CLRn pin will set, and not reset, register with preset signal due to NOT Gate Push-Back
Warning (13024): Output pins are stuck at VCC or GND
    Warning (13410): Pin "sld_hub:auto_hub|receive[0][0]" is stuck at GND
Warning (20013): Ignored assignments for entity "System" -- entity does not exist in design
    Warning (20014): Assignment for entity set_global_assignment -name IP_TOOL_NAME Qsys -entity System -qip System/synthesis/System.qip -library System was ignored
    Warning (20014): Assignment for entity set_global_assignment -name IP_TOOL_VERSION 13.0sp1 -entity System -qip System/synthesis/System.qip -library System was ignored
    Warning (20014): Assignment for entity set_global_assignment -name IP_TOOL_ENV Qsys -entity System -qip System/synthesis/System.qip -library System was ignored
    Warning (20014): Assignment for entity set_global_assignment -name SLD_INFO "QSYS_NAME System HAS_SOPCINFO 1 GENERATION_ID 1545473980" -entity System -qip System/synthesis/System.qip -library System was ignored
Warning (20013): Ignored assignments for entity "System_addr_router" -- entity does not exist in design
    Warning (20014): Assignment for entity set_global_assignment -name IP_TOOL_NAME altera_merlin_router -entity System_addr_router -qip System/synthesis/System.qip -library System was ignored
    Warning (20014): Assignment for entity set_global_assignment -name IP_TOOL_VERSION 13.0 -entity System_addr_router -qip System/synthesis/System.qip -library System was ignored
    Warning (20014): Assignment for entity set_global_assignment -name IP_TOOL_ENV Qsys -entity System_addr_router -qip System/synthesis/System.qip -library System was ignored
Warning (20013): Ignored assignments for entity "System_addr_router_001" -- entity does not exist in design
    Warning (20014): Assignment for entity set_global_assignment -name IP_TOOL_NAME altera_merlin_router -entity System_addr_router_001 -qip System/synthesis/System.qip -library System was ignored
    Warning (20014): Assignment for entity set_global_assignment -name IP_TOOL_VERSION 13.0 -entity System_addr_router_001 -qip System/synthesis/System.qip -library System was ignored
    Warning (20014): Assignment for entity set_global_assignment -name IP_TOOL_ENV Qsys -entity System_addr_router_001 -qip System/synthesis/System.qip -library System was ignored
Warning (20013): Ignored assignments for entity "System_addr_router_002" -- entity does not exist in design
    Warning (20014): Assignment for entity set_global_assignment -name IP_TOOL_NAME altera_merlin_router -entity System_addr_router_002 -qip System/synthesis/System.qip -library System was ignored
    Warning (20014): Assignment for entity set_global_assignment -name IP_TOOL_VERSION 13.0 -entity System_addr_router_002 -qip System/synthesis/System.qip -library System was ignored
    Warning (20014): Assignment for entity set_global_assignment -name IP_TOOL_ENV Qsys -entity System_addr_router_002 -qip System/synthesis/System.qip -library System was ignored
Warning (20013): Ignored assignments for entity "System_addr_router_003" -- entity does not exist in design
    Warning (20014): Assignment for entity set_global_assignment -name IP_TOOL_NAME altera_merlin_router -entity System_addr_router_003 -qip System/synthesis/System.qip -library System was ignored
    Warning (20014): Assignment for entity set_global_assignment -name IP_TOOL_VERSION 13.0 -entity System_addr_router_003 -qip System/synthesis/System.qip -library System was ignored
    Warning (20014): Assignment for entity set_global_assignment -name IP_TOOL_ENV Qsys -entity System_addr_router_003 -qip System/synthesis/System.qip -library System was ignored
Warning (20013): Ignored assignments for entity "System_cmd_xbar_demux" -- entity does not exist in design
    Warning (20014): Assignment for entity set_global_assignment -name IP_TOOL_NAME altera_merlin_demultiplexer -entity System_cmd_xbar_demux -qip System/synthesis/System.qip -library System was ignored
    Warning (20014): Assignment for entity set_global_assignment -name IP_TOOL_VERSION 13.0 -entity System_cmd_xbar_demux -qip System/synthesis/System.qip -library System was ignored
    Warning (20014): Assignment for entity set_global_assignment -name IP_TOOL_ENV Qsys -entity System_cmd_xbar_demux -qip System/synthesis/System.qip -library System was ignored
Warning (20013): Ignored assignments for entity "System_cmd_xbar_demux_001" -- entity does not exist in design
    Warning (20014): Assignment for entity set_global_assignment -name IP_TOOL_NAME altera_merlin_demultiplexer -entity System_cmd_xbar_demux_001 -qip System/synthesis/System.qip -library System was ignored
    Warning (20014): Assignment for entity set_global_assignment -name IP_TOOL_VERSION 13.0 -entity System_cmd_xbar_demux_001 -qip System/synthesis/System.qip -library System was ignored
    Warning (20014): Assignment for entity set_global_assignment -name IP_TOOL_ENV Qsys -entity System_cmd_xbar_demux_001 -qip System/synthesis/System.qip -library System was ignored
Warning (20013): Ignored assignments for entity "System_cmd_xbar_demux_002" -- entity does not exist in design
    Warning (20014): Assignment for entity set_global_assignment -name IP_TOOL_NAME altera_merlin_demultiplexer -entity System_cmd_xbar_demux_002 -qip System/synthesis/System.qip -library System was ignored
    Warning (20014): Assignment for entity set_global_assignment -name IP_TOOL_VERSION 13.0 -entity System_cmd_xbar_demux_002 -qip System/synthesis/System.qip -library System was ignored
    Warning (20014): Assignment for entity set_global_assignment -name IP_TOOL_ENV Qsys -entity System_cmd_xbar_demux_002 -qip System/synthesis/System.qip -library System was ignored
Warning (20013): Ignored assignments for entity "System_cmd_xbar_mux" -- entity does not exist in design
    Warning (20014): Assignment for entity set_global_assignment -name IP_TOOL_NAME altera_merlin_multiplexer -entity System_cmd_xbar_mux -qip System/synthesis/System.qip -library System was ignored
    Warning (20014): Assignment for entity set_global_assignment -name IP_TOOL_VERSION 13.0 -entity System_cmd_xbar_mux -qip System/synthesis/System.qip -library System was ignored
    Warning (20014): Assignment for entity set_global_assignment -name IP_TOOL_ENV Qsys -entity System_cmd_xbar_mux -qip System/synthesis/System.qip -library System was ignored
Warning (20013): Ignored assignments for entity "System_cmd_xbar_mux_001" -- entity does not exist in design
    Warning (20014): Assignment for entity set_global_assignment -name IP_TOOL_NAME altera_merlin_multiplexer -entity System_cmd_xbar_mux_001 -qip System/synthesis/System.qip -library System was ignored
    Warning (20014): Assignment for entity set_global_assignment -name IP_TOOL_VERSION 13.0 -entity System_cmd_xbar_mux_001 -qip System/synthesis/System.qip -library System was ignored
    Warning (20014): Assignment for entity set_global_assignment -name IP_TOOL_ENV Qsys -entity System_cmd_xbar_mux_001 -qip System/synthesis/System.qip -library System was ignored
Warning (20013): Ignored assignments for entity "System_id_router" -- entity does not exist in design
    Warning (20014): Assignment for entity set_global_assignment -name IP_TOOL_NAME altera_merlin_router -entity System_id_router -qip System/synthesis/System.qip -library System was ignored
    Warning (20014): Assignment for entity set_global_assignment -name IP_TOOL_VERSION 13.0 -entity System_id_router -qip System/synthesis/System.qip -library System was ignored
    Warning (20014): Assignment for entity set_global_assignment -name IP_TOOL_ENV Qsys -entity System_id_router -qip System/synthesis/System.qip -library System was ignored
Warning (20013): Ignored assignments for entity "System_id_router_001" -- entity does not exist in design
    Warning (20014): Assignment for entity set_global_assignment -name IP_TOOL_NAME altera_merlin_router -entity System_id_router_001 -qip System/synthesis/System.qip -library System was ignored
    Warning (20014): Assignment for entity set_global_assignment -name IP_TOOL_VERSION 13.0 -entity System_id_router_001 -qip System/synthesis/System.qip -library System was ignored
    Warning (20014): Assignment for entity set_global_assignment -name IP_TOOL_ENV Qsys -entity System_id_router_001 -qip System/synthesis/System.qip -library System was ignored
Warning (20013): Ignored assignments for entity "System_id_router_002" -- entity does not exist in design
    Warning (20014): Assignment for entity set_global_assignment -name IP_TOOL_NAME altera_merlin_router -entity System_id_router_002 -qip System/synthesis/System.qip -library System was ignored
    Warning (20014): Assignment for entity set_global_assignment -name IP_TOOL_VERSION 13.0 -entity System_id_router_002 -qip System/synthesis/System.qip -library System was ignored
    Warning (20014): Assignment for entity set_global_assignment -name IP_TOOL_ENV Qsys -entity System_id_router_002 -qip System/synthesis/System.qip -library System was ignored
Warning (20013): Ignored assignments for entity "System_id_router_004" -- entity does not exist in design
    Warning (20014): Assignment for entity set_global_assignment -name IP_TOOL_NAME altera_merlin_router -entity System_id_router_004 -qip System/synthesis/System.qip -library System was ignored
    Warning (20014): Assignment for entity set_global_assignment -name IP_TOOL_VERSION 13.0 -entity System_id_router_004 -qip System/synthesis/System.qip -library System was ignored
    Warning (20014): Assignment for entity set_global_assignment -name IP_TOOL_ENV Qsys -entity System_id_router_004 -qip System/synthesis/System.qip -library System was ignored
Warning (20013): Ignored assignments for entity "System_irq_mapper" -- entity does not exist in design
    Warning (20014): Assignment for entity set_global_assignment -name IP_TOOL_NAME altera_irq_mapper -entity System_irq_mapper -qip System/synthesis/System.qip -library System was ignored
    Warning (20014): Assignment for entity set_global_assignment -name IP_TOOL_VERSION 13.0 -entity System_irq_mapper -qip System/synthesis/System.qip -library System was ignored
    Warning (20014): Assignment for entity set_global_assignment -name IP_TOOL_ENV Qsys -entity System_irq_mapper -qip System/synthesis/System.qip -library System was ignored
Warning (20013): Ignored assignments for entity "System_jtag_uart_0" -- entity does not exist in design
    Warning (20014): Assignment for entity set_global_assignment -name IP_TOOL_NAME altera_avalon_jtag_uart -entity System_jtag_uart_0 -qip System/synthesis/System.qip -library System was ignored
    Warning (20014): Assignment for entity set_global_assignment -name IP_TOOL_VERSION 13.0.1.99.2 -entity System_jtag_uart_0 -qip System/synthesis/System.qip -library System was ignored
    Warning (20014): Assignment for entity set_global_assignment -name IP_TOOL_ENV Qsys -entity System_jtag_uart_0 -qip System/synthesis/System.qip -library System was ignored
Warning (20013): Ignored assignments for entity "System_nios2_qsys_0" -- entity does not exist in design
    Warning (20014): Assignment for entity set_global_assignment -name IP_TOOL_NAME altera_nios2_qsys -entity System_nios2_qsys_0 -qip System/synthesis/System.qip -library System was ignored
    Warning (20014): Assignment for entity set_global_assignment -name IP_TOOL_VERSION 13.0 -entity System_nios2_qsys_0 -qip System/synthesis/System.qip -library System was ignored
    Warning (20014): Assignment for entity set_global_assignment -name IP_TOOL_ENV Qsys -entity System_nios2_qsys_0 -qip System/synthesis/System.qip -library System was ignored
Warning (20013): Ignored assignments for entity "System_onchip_memory2_0" -- entity does not exist in design
    Warning (20014): Assignment for entity set_global_assignment -name IP_TOOL_NAME altera_avalon_onchip_memory2 -entity System_onchip_memory2_0 -qip System/synthesis/System.qip -library System was ignored
    Warning (20014): Assignment for entity set_global_assignment -name IP_TOOL_VERSION 13.0.1.99.2 -entity System_onchip_memory2_0 -qip System/synthesis/System.qip -library System was ignored
    Warning (20014): Assignment for entity set_global_assignment -name IP_TOOL_ENV Qsys -entity System_onchip_memory2_0 -qip System/synthesis/System.qip -library System was ignored
Warning (20013): Ignored assignments for entity "System_onchip_memory2_1" -- entity does not exist in design
    Warning (20014): Assignment for entity set_global_assignment -name IP_TOOL_NAME altera_avalon_onchip_memory2 -entity System_onchip_memory2_1 -qip System/synthesis/System.qip -library System was ignored
    Warning (20014): Assignment for entity set_global_assignment -name IP_TOOL_VERSION 13.0.1.99.2 -entity System_onchip_memory2_1 -qip System/synthesis/System.qip -library System was ignored
    Warning (20014): Assignment for entity set_global_assignment -name IP_TOOL_ENV Qsys -entity System_onchip_memory2_1 -qip System/synthesis/System.qip -library System was ignored
Warning (20013): Ignored assignments for entity "System_rsp_xbar_demux" -- entity does not exist in design
    Warning (20014): Assignment for entity set_global_assignment -name IP_TOOL_NAME altera_merlin_demultiplexer -entity System_rsp_xbar_demux -qip System/synthesis/System.qip -library System was ignored
    Warning (20014): Assignment for entity set_global_assignment -name IP_TOOL_VERSION 13.0 -entity System_rsp_xbar_demux -qip System/synthesis/System.qip -library System was ignored
    Warning (20014): Assignment for entity set_global_assignment -name IP_TOOL_ENV Qsys -entity System_rsp_xbar_demux -qip System/synthesis/System.qip -library System was ignored
Warning (20013): Ignored assignments for entity "System_rsp_xbar_demux_001" -- entity does not exist in design
    Warning (20014): Assignment for entity set_global_assignment -name IP_TOOL_NAME altera_merlin_demultiplexer -entity System_rsp_xbar_demux_001 -qip System/synthesis/System.qip -library System was ignored
    Warning (20014): Assignment for entity set_global_assignment -name IP_TOOL_VERSION 13.0 -entity System_rsp_xbar_demux_001 -qip System/synthesis/System.qip -library System was ignored
    Warning (20014): Assignment for entity set_global_assignment -name IP_TOOL_ENV Qsys -entity System_rsp_xbar_demux_001 -qip System/synthesis/System.qip -library System was ignored
Warning (20013): Ignored assignments for entity "System_rsp_xbar_mux" -- entity does not exist in design
    Warning (20014): Assignment for entity set_global_assignment -name IP_TOOL_NAME altera_merlin_multiplexer -entity System_rsp_xbar_mux -qip System/synthesis/System.qip -library System was ignored
    Warning (20014): Assignment for entity set_global_assignment -name IP_TOOL_VERSION 13.0 -entity System_rsp_xbar_mux -qip System/synthesis/System.qip -library System was ignored
    Warning (20014): Assignment for entity set_global_assignment -name IP_TOOL_ENV Qsys -entity System_rsp_xbar_mux -qip System/synthesis/System.qip -library System was ignored
Warning (20013): Ignored assignments for entity "System_rsp_xbar_mux_001" -- entity does not exist in design
    Warning (20014): Assignment for entity set_global_assignment -name IP_TOOL_NAME altera_merlin_multiplexer -entity System_rsp_xbar_mux_001 -qip System/synthesis/System.qip -library System was ignored
    Warning (20014): Assignment for entity set_global_assignment -name IP_TOOL_VERSION 13.0 -entity System_rsp_xbar_mux_001 -qip System/synthesis/System.qip -library System was ignored
    Warning (20014): Assignment for entity set_global_assignment -name IP_TOOL_ENV Qsys -entity System_rsp_xbar_mux_001 -qip System/synthesis/System.qip -library System was ignored
Warning (20013): Ignored assignments for entity "altera_avalon_sc_fifo" -- entity does not exist in design
    Warning (20014): Assignment for entity set_global_assignment -name IP_TOOL_NAME altera_avalon_sc_fifo -entity altera_avalon_sc_fifo -qip System/synthesis/System.qip -library System was ignored
    Warning (20014): Assignment for entity set_global_assignment -name IP_TOOL_VERSION 13.0 -entity altera_avalon_sc_fifo -qip System/synthesis/System.qip -library System was ignored
    Warning (20014): Assignment for entity set_global_assignment -name IP_TOOL_ENV Qsys -entity altera_avalon_sc_fifo -qip System/synthesis/System.qip -library System was ignored
Warning (20013): Ignored assignments for entity "altera_merlin_master_agent" -- entity does not exist in design
    Warning (20014): Assignment for entity set_global_assignment -name IP_TOOL_NAME altera_merlin_master_agent -entity altera_merlin_master_agent -qip System/synthesis/System.qip -library System was ignored
    Warning (20014): Assignment for entity set_global_assignment -name IP_TOOL_VERSION 13.0 -entity altera_merlin_master_agent -qip System/synthesis/System.qip -library System was ignored
    Warning (20014): Assignment for entity set_global_assignment -name IP_TOOL_ENV Qsys -entity altera_merlin_master_agent -qip System/synthesis/System.qip -library System was ignored
Warning (20013): Ignored assignments for entity "altera_merlin_master_translator" -- entity does not exist in design
    Warning (20014): Assignment for entity set_global_assignment -name IP_TOOL_NAME altera_merlin_master_translator -entity altera_merlin_master_translator -qip System/synthesis/System.qip -library System was ignored
    Warning (20014): Assignment for entity set_global_assignment -name IP_TOOL_VERSION 13.0 -entity altera_merlin_master_translator -qip System/synthesis/System.qip -library System was ignored
    Warning (20014): Assignment for entity set_global_assignment -name IP_TOOL_ENV Qsys -entity altera_merlin_master_translator -qip System/synthesis/System.qip -library System was ignored
Warning (20013): Ignored assignments for entity "altera_merlin_slave_agent" -- entity does not exist in design
    Warning (20014): Assignment for entity set_global_assignment -name IP_TOOL_NAME altera_merlin_slave_agent -entity altera_merlin_slave_agent -qip System/synthesis/System.qip -library System was ignored
    Warning (20014): Assignment for entity set_global_assignment -name IP_TOOL_VERSION 13.0 -entity altera_merlin_slave_agent -qip System/synthesis/System.qip -library System was ignored
    Warning (20014): Assignment for entity set_global_assignment -name IP_TOOL_ENV Qsys -entity altera_merlin_slave_agent -qip System/synthesis/System.qip -library System was ignored
Warning (20013): Ignored assignments for entity "altera_merlin_slave_translator" -- entity does not exist in design
    Warning (20014): Assignment for entity set_global_assignment -name IP_TOOL_NAME altera_merlin_slave_translator -entity altera_merlin_slave_translator -qip System/synthesis/System.qip -library System was ignored
    Warning (20014): Assignment for entity set_global_assignment -name IP_TOOL_VERSION 13.0 -entity altera_merlin_slave_translator -qip System/synthesis/System.qip -library System was ignored
    Warning (20014): Assignment for entity set_global_assignment -name IP_TOOL_ENV Qsys -entity altera_merlin_slave_translator -qip System/synthesis/System.qip -library System was ignored
Warning (20013): Ignored assignments for entity "altera_reset_controller" -- entity does not exist in design
    Warning (20014): Assignment for entity set_global_assignment -name IP_TOOL_NAME altera_reset_controller -entity altera_reset_controller -qip System/synthesis/System.qip -library System was ignored
    Warning (20014): Assignment for entity set_global_assignment -name IP_TOOL_VERSION 13.0 -entity altera_reset_controller -qip System/synthesis/System.qip -library System was ignored
    Warning (20014): Assignment for entity set_global_assignment -name IP_TOOL_ENV Qsys -entity altera_reset_controller -qip System/synthesis/System.qip -library System was ignored
Info (144001): Generated suppressed messages file D:/CE213/TH/DMA/DMAFinal/DMAFinal/output_files/DMA.map.smsg
Critical Warning (35025): Partially connected in-system debug instance "auto_signaltap_0" to 0 of its 401 required data inputs, trigger inputs, acquisition clocks, and dynamic pins.  There were 0 illegal, 0 inaccessible, and 401 missing sources or connections.
Info (16010): Generating hard_block partition "hard_block:auto_generated_inst"
    Info (16011): Adding 0 node(s), including 0 DDIO, 0 PLL, 0 transceiver and 0 LCELL
Info (21057): Implemented 3611 device resources after synthesis - the final resource count might be different
    Info (21058): Implemented 39 input pins
    Info (21059): Implemented 35 output pins
    Info (21061): Implemented 3304 logic cells
    Info (21064): Implemented 232 RAM segments
Info: Quartus II 64-Bit Analysis & Synthesis was successful. 0 errors, 130 warnings
    Info: Peak virtual memory: 4724 megabytes
    Info: Processing ended: Wed Jan 07 21:38:23 2026
    Info: Elapsed time: 00:00:08
    Info: Total CPU time (on all processors): 00:00:04


+------------------------------------------+
; Analysis & Synthesis Suppressed Messages ;
+------------------------------------------+
The suppressed messages can be found in D:/CE213/TH/DMA/DMAFinal/DMAFinal/output_files/DMA.map.smsg.


